-- phpMyAdmin SQL Dump
-- version 5.2.0
-- https://www.phpmyadmin.net/
--
-- Servidor: localhost
-- Tiempo de generación: 16-05-2024 a las 17:48:45
-- Versión del servidor: 10.4.27-MariaDB
-- Versión de PHP: 7.4.33

SET SQL_MODE = "NO_AUTO_VALUE_ON_ZERO";
START TRANSACTION;
SET time_zone = "+00:00";


/*!40101 SET @OLD_CHARACTER_SET_CLIENT=@@CHARACTER_SET_CLIENT */;
/*!40101 SET @OLD_CHARACTER_SET_RESULTS=@@CHARACTER_SET_RESULTS */;
/*!40101 SET @OLD_COLLATION_CONNECTION=@@COLLATION_CONNECTION */;
/*!40101 SET NAMES utf8mb4 */;

--
-- Base de datos: `citas_medicas`
--

-- --------------------------------------------------------

--
-- Estructura de tabla para la tabla `appointments`
--

CREATE TABLE `appointments` (
  `id` bigint(20) UNSIGNED NOT NULL,
  `doctor_id` bigint(20) UNSIGNED NOT NULL,
  `patient_id` bigint(20) UNSIGNED NOT NULL,
  `date_appointment` timestamp NULL DEFAULT NULL,
  `specialitie_id` bigint(20) UNSIGNED NOT NULL,
  `doctor_schedule_join_id` bigint(20) UNSIGNED NOT NULL,
  `user_id` bigint(20) UNSIGNED DEFAULT NULL,
  `created_at` timestamp NULL DEFAULT NULL,
  `updated_at` timestamp NULL DEFAULT NULL,
  `deleted_at` timestamp NULL DEFAULT NULL
) ENGINE=InnoDB DEFAULT CHARSET=utf8mb4 COLLATE=utf8mb4_general_ci;

--
-- Volcado de datos para la tabla `appointments`
--

INSERT INTO `appointments` (`id`, `doctor_id`, `patient_id`, `date_appointment`, `specialitie_id`, `doctor_schedule_join_id`, `user_id`, `created_at`, `updated_at`, `deleted_at`) VALUES
(40, 2, 7, '2024-05-07 10:00:00', 9, 1321, 1, '2024-05-07 11:44:07', '2024-05-11 04:45:45', '2024-05-11 04:45:45'),
(41, 2, 7, '2024-05-07 10:00:00', 9, 1331, 1, '2024-05-07 13:50:24', '2024-05-12 15:00:46', '2024-05-12 15:00:46'),
(42, 2, 7, '2024-05-08 10:00:00', 9, 1341, 1, '2024-05-08 10:03:14', '2024-05-08 10:03:14', NULL),
(43, 2, 7, '2024-05-13 10:00:00', 9, 1311, 1, '2024-05-08 10:18:23', '2024-05-08 10:18:23', NULL),
(44, 6, 7, '2024-05-09 10:00:00', 6, 749, NULL, '2024-05-09 06:55:08', '2024-05-09 06:55:08', NULL),
(45, 5, 2, '2024-05-27 10:00:00', 6, 1290, NULL, '2024-05-09 08:01:53', '2024-05-09 08:01:53', NULL),
(46, 2, 7, '2024-05-20 10:00:00', 9, 1305, NULL, '2024-05-11 06:07:29', '2024-05-11 06:07:29', NULL),
(47, 4, 7, '2024-05-13 10:00:00', 2, 1189, NULL, '2024-05-11 18:43:13', '2024-05-11 18:43:13', NULL),
(48, 6, 4, '2024-05-13 10:00:00', 6, 705, NULL, '2024-05-12 17:30:37', '2024-05-12 17:30:37', NULL),
(49, 8, 4, '2024-05-13 10:00:00', 6, 1606, NULL, '2024-05-12 17:32:24', '2024-05-12 17:32:24', NULL),
(50, 5, 7, '2024-05-13 10:00:00', 6, 1270, NULL, '2024-05-13 13:16:33', '2024-05-13 13:16:33', NULL),
(51, 5, 7, '2024-05-13 10:00:00', 6, 1665, NULL, '2024-05-13 13:30:48', '2024-05-13 13:30:48', NULL),
(52, 5, 7, '2024-05-20 10:00:00', 6, 1697, NULL, '2024-05-14 14:07:34', '2024-05-14 14:07:34', NULL),
(53, 5, 7, '2024-05-20 10:00:00', 6, 1733, NULL, '2024-05-14 14:24:11', '2024-05-14 14:24:11', NULL),
(54, 5, 8, '2024-05-20 10:00:00', 6, 1734, NULL, '2024-05-14 14:27:16', '2024-05-14 14:27:16', NULL),
(55, 5, 8, '2024-05-20 10:00:00', 6, 1737, NULL, '2024-05-16 14:43:21', '2024-05-16 14:43:21', NULL);

-- --------------------------------------------------------

--
-- Estructura de tabla para la tabla `doctor_schedule_days`
--

CREATE TABLE `doctor_schedule_days` (
  `id` bigint(20) UNSIGNED NOT NULL,
  `user_id` bigint(20) UNSIGNED NOT NULL,
  `day` varchar(60) NOT NULL,
  `created_at` timestamp NULL DEFAULT NULL,
  `updated_at` timestamp NULL DEFAULT NULL,
  `deleted_at` timestamp NULL DEFAULT NULL
) ENGINE=InnoDB DEFAULT CHARSET=utf8mb4 COLLATE=utf8mb4_general_ci;

--
-- Volcado de datos para la tabla `doctor_schedule_days`
--

INSERT INTO `doctor_schedule_days` (`id`, `user_id`, `day`, `created_at`, `updated_at`, `deleted_at`) VALUES
(4, 15, 'lunes', '2024-04-19 18:48:49', '2024-04-19 18:48:49', NULL),
(6, 18, 'Martes', '2024-04-20 06:00:40', '2024-04-20 06:00:40', NULL),
(7, 19, 'Martes', '2024-04-20 06:08:48', '2024-04-20 06:08:48', NULL),
(8, 20, 'Martes', '2024-04-20 06:09:04', '2024-04-20 06:09:04', NULL),
(22, 21, 'Miércoles', '2024-04-20 19:14:26', '2024-04-20 19:14:26', NULL),
(23, 22, 'lunes', '2024-04-21 05:41:28', '2024-04-21 05:41:28', NULL),
(24, 22, 'Martes', '2024-04-21 05:41:28', '2024-04-21 05:41:28', NULL),
(25, 22, 'Jueves', '2024-04-21 05:41:28', '2024-04-21 05:41:28', NULL),
(26, 22, 'Viernes', '2024-04-21 05:41:28', '2024-04-21 05:41:28', NULL),
(47, 14, 'lunes', '2024-04-24 09:51:25', '2024-04-24 09:51:25', NULL),
(48, 14, 'Martes', '2024-04-24 09:51:25', '2024-04-24 09:51:25', NULL),
(49, 14, 'Miércoles', '2024-04-24 09:51:25', '2024-04-24 09:51:25', NULL),
(50, 14, 'Jueves', '2024-04-24 09:51:25', '2024-04-24 09:51:25', NULL),
(51, 14, 'Viernes', '2024-04-24 09:51:25', '2024-04-24 09:51:25', NULL),
(57, 6, 'lunes', '2024-04-25 17:18:56', '2024-04-25 17:18:56', NULL),
(58, 6, 'Martes', '2024-04-25 17:18:56', '2024-04-25 17:18:56', NULL),
(59, 6, 'Miércoles', '2024-04-25 17:18:56', '2024-04-25 17:18:56', NULL),
(60, 6, 'Jueves', '2024-04-25 17:18:56', '2024-04-25 17:18:56', NULL),
(61, 6, 'Viernes', '2024-04-25 17:18:56', '2024-04-25 17:18:56', NULL),
(62, 16, 'lunes', '2024-04-25 17:19:22', '2024-04-25 17:19:22', NULL),
(63, 16, 'Martes', '2024-04-25 17:19:22', '2024-04-25 17:19:22', NULL),
(64, 16, 'Miércoles', '2024-04-25 17:19:22', '2024-04-25 17:19:22', NULL),
(65, 16, 'Jueves', '2024-04-25 17:19:22', '2024-04-25 17:19:22', NULL),
(66, 16, 'Viernes', '2024-04-25 17:19:22', '2024-04-25 17:19:22', NULL),
(82, 4, 'lunes', '2024-04-29 14:23:48', '2024-04-29 14:23:48', NULL),
(83, 4, 'Martes', '2024-04-29 14:23:48', '2024-04-29 14:23:48', NULL),
(84, 4, 'Miércoles', '2024-04-29 14:23:48', '2024-04-29 14:23:48', NULL),
(85, 4, 'Jueves', '2024-04-29 14:23:48', '2024-04-29 14:23:48', NULL),
(86, 4, 'Viernes', '2024-04-29 14:23:48', '2024-04-29 14:23:48', NULL),
(88, 2, 'lunes', '2024-05-06 13:19:27', '2024-05-06 13:19:27', NULL),
(89, 2, 'Martes', '2024-05-06 13:19:27', '2024-05-06 13:19:27', NULL),
(90, 2, 'Miércoles', '2024-05-06 13:19:27', '2024-05-06 13:19:27', NULL),
(91, 2, 'Jueves', '2024-05-06 13:19:27', '2024-05-06 13:19:27', NULL),
(92, 2, 'Viernes', '2024-05-06 13:19:27', '2024-05-06 13:19:27', NULL),
(93, 3, 'lunes', '2024-05-07 12:06:43', '2024-05-07 12:06:43', NULL),
(94, 3, 'Martes', '2024-05-07 12:06:43', '2024-05-07 12:06:43', NULL),
(95, 3, 'Miércoles', '2024-05-07 12:06:43', '2024-05-07 12:06:43', NULL),
(96, 3, 'Jueves', '2024-05-07 12:06:43', '2024-05-07 12:06:43', NULL),
(97, 3, 'Viernes', '2024-05-07 12:06:43', '2024-05-07 12:06:43', NULL),
(103, 8, 'lunes', '2024-05-11 05:56:38', '2024-05-11 05:56:38', NULL),
(104, 8, 'Martes', '2024-05-11 05:56:38', '2024-05-11 05:56:38', NULL),
(105, 8, 'Miércoles', '2024-05-11 05:56:38', '2024-05-11 05:56:38', NULL),
(106, 8, 'Jueves', '2024-05-11 05:56:38', '2024-05-11 05:56:38', NULL),
(107, 8, 'Viernes', '2024-05-11 05:56:38', '2024-05-11 05:56:38', NULL),
(108, 11, 'lunes', '2024-05-11 06:06:14', '2024-05-11 06:06:14', NULL),
(109, 11, 'Martes', '2024-05-11 06:06:14', '2024-05-11 06:06:14', NULL),
(110, 11, 'Miércoles', '2024-05-11 06:06:14', '2024-05-11 06:06:14', NULL),
(111, 11, 'Jueves', '2024-05-11 06:06:14', '2024-05-11 06:06:14', NULL),
(112, 11, 'Viernes', '2024-05-11 06:06:14', '2024-05-11 06:06:14', NULL),
(115, 5, 'lunes', '2024-05-14 14:22:40', '2024-05-14 14:22:40', NULL),
(116, 10, 'lunes', '2024-05-16 14:42:17', '2024-05-16 14:42:17', NULL);

-- --------------------------------------------------------

--
-- Estructura de tabla para la tabla `doctor_schedule_hours`
--

CREATE TABLE `doctor_schedule_hours` (
  `id` bigint(20) UNSIGNED NOT NULL,
  `hour_start` varchar(50) NOT NULL,
  `hour_end` varchar(50) NOT NULL,
  `hour` varchar(20) NOT NULL,
  `created_at` timestamp NULL DEFAULT NULL,
  `updated_at` timestamp NULL DEFAULT NULL
) ENGINE=InnoDB DEFAULT CHARSET=utf8mb4 COLLATE=utf8mb4_general_ci;

--
-- Volcado de datos para la tabla `doctor_schedule_hours`
--

INSERT INTO `doctor_schedule_hours` (`id`, `hour_start`, `hour_end`, `hour`, `created_at`, `updated_at`) VALUES
(1, '08:00:00', '08:15:00', '08', NULL, NULL),
(2, '08:15:00', '08:30:00', '08', NULL, NULL),
(3, '08:30:00', '08:45:00', '08', NULL, NULL),
(4, '08:45:00', '09:00:00', '08', NULL, NULL),
(5, '09:00:00', '09:15:00', '09', NULL, NULL),
(6, '09:15:00', '09:30:00', '09', NULL, NULL),
(7, '09:30:00', '09:45:00', '09', NULL, NULL),
(8, '09:45:00', '10:00:00', '09', NULL, NULL),
(9, '10:00:00', '10:15:00', '10', NULL, NULL),
(10, '10:15:00', '10:30:00', '10', NULL, NULL),
(11, '10:30:00', '10:45:00', '10', NULL, NULL),
(12, '10:45:00', '11:00:00', '10', NULL, NULL),
(13, '11:00:00', '11:15:00', '11', NULL, NULL),
(14, '11:15:00', '11:30:00', '11', NULL, NULL),
(15, '11:30:00', '11:45:00', '11', NULL, NULL),
(16, '11:45:00', '12:00:00', '11', NULL, NULL),
(17, '12:00:00', '12:15:00', '12', NULL, NULL),
(18, '12:15:00', '12:30:00', '12', NULL, NULL),
(19, '12:30:00', '12:45:00', '12', NULL, NULL),
(20, '12:45:00', '13:00:00', '12', NULL, NULL),
(21, '13:00:00', '13:15:00', '13', NULL, NULL),
(22, '13:15:00', '13:30:00', '13', NULL, NULL),
(23, '13:30:00', '13:45:00', '13', NULL, NULL),
(24, '13:45:00', '14:00:00', '13', NULL, NULL),
(25, '14:00:00', '14:15:00', '14', NULL, NULL),
(26, '14:15:00', '14:30:00', '14', NULL, NULL),
(27, '14:30:00', '14:45:00', '14', NULL, NULL),
(28, '14:45:00', '15:00:00', '14', NULL, NULL),
(29, '15:00:00', '15:15:00', '15', NULL, NULL),
(30, '15:15:00', '15:30:00', '15', NULL, NULL),
(31, '15:30:00', '15:45:00', '15', NULL, NULL),
(32, '15:45:00', '16:00:00', '15', NULL, NULL),
(33, '16:00:00', '16:15:00', '16', NULL, NULL),
(34, '16:15:00', '16:30:00', '16', NULL, NULL),
(35, '16:30:00', '16:45:00', '16', NULL, NULL),
(36, '16:45:00', '17:00:00', '16', NULL, NULL),
(37, '17:00:00', '17:15:00', '17', NULL, NULL),
(38, '17:15:00', '17:30:00', '17', NULL, NULL),
(39, '17:30:00', '17:45:00', '17', NULL, NULL),
(40, '17:45:00', '18:00:00', '17', NULL, NULL);

-- --------------------------------------------------------

--
-- Estructura de tabla para la tabla `doctor_schedule_joins`
--

CREATE TABLE `doctor_schedule_joins` (
  `id` bigint(20) UNSIGNED NOT NULL,
  `doctor_schedule_day_id` bigint(20) UNSIGNED NOT NULL,
  `doctor_schedule_hour_id` bigint(25) UNSIGNED NOT NULL,
  `created_at` timestamp NULL DEFAULT NULL,
  `updated_at` timestamp NULL DEFAULT NULL,
  `deleted_at` timestamp NULL DEFAULT NULL
) ENGINE=InnoDB DEFAULT CHARSET=utf8mb4 COLLATE=utf8mb4_general_ci;

--
-- Volcado de datos para la tabla `doctor_schedule_joins`
--

INSERT INTO `doctor_schedule_joins` (`id`, `doctor_schedule_day_id`, `doctor_schedule_hour_id`, `created_at`, `updated_at`, `deleted_at`) VALUES
(129, 22, 9, '2024-04-20 19:14:26', '2024-04-20 19:14:26', NULL),
(130, 22, 10, '2024-04-20 19:14:26', '2024-04-20 19:14:26', NULL),
(131, 22, 11, '2024-04-20 19:14:26', '2024-04-20 19:14:26', NULL),
(132, 22, 12, '2024-04-20 19:14:26', '2024-04-20 19:14:26', NULL),
(133, 22, 1, '2024-04-20 19:14:26', '2024-04-20 19:14:26', NULL),
(134, 22, 2, '2024-04-20 19:14:26', '2024-04-20 19:14:26', NULL),
(135, 22, 3, '2024-04-20 19:14:26', '2024-04-20 19:14:26', NULL),
(136, 22, 4, '2024-04-20 19:14:26', '2024-04-20 19:14:26', NULL),
(137, 23, 1, '2024-04-21 05:41:28', '2024-04-21 05:41:28', NULL),
(138, 23, 2, '2024-04-21 05:41:28', '2024-04-21 05:41:28', NULL),
(139, 23, 3, '2024-04-21 05:41:28', '2024-04-21 05:41:28', NULL),
(140, 23, 4, '2024-04-21 05:41:28', '2024-04-21 05:41:28', NULL),
(141, 23, 5, '2024-04-21 05:41:28', '2024-04-21 05:41:28', NULL),
(142, 23, 6, '2024-04-21 05:41:28', '2024-04-21 05:41:28', NULL),
(143, 23, 7, '2024-04-21 05:41:28', '2024-04-21 05:41:28', NULL),
(144, 23, 8, '2024-04-21 05:41:28', '2024-04-21 05:41:28', NULL),
(145, 23, 9, '2024-04-21 05:41:28', '2024-04-21 05:41:28', NULL),
(146, 23, 10, '2024-04-21 05:41:28', '2024-04-21 05:41:28', NULL),
(147, 23, 11, '2024-04-21 05:41:28', '2024-04-21 05:41:28', NULL),
(148, 23, 12, '2024-04-21 05:41:28', '2024-04-21 05:41:28', NULL),
(149, 23, 13, '2024-04-21 05:41:28', '2024-04-21 05:41:28', NULL),
(150, 23, 14, '2024-04-21 05:41:28', '2024-04-21 05:41:28', NULL),
(151, 23, 15, '2024-04-21 05:41:28', '2024-04-21 05:41:28', NULL),
(152, 23, 16, '2024-04-21 05:41:28', '2024-04-21 05:41:28', NULL),
(153, 23, 17, '2024-04-21 05:41:28', '2024-04-21 05:41:28', NULL),
(154, 23, 18, '2024-04-21 05:41:28', '2024-04-21 05:41:28', NULL),
(155, 23, 19, '2024-04-21 05:41:28', '2024-04-21 05:41:28', NULL),
(156, 23, 20, '2024-04-21 05:41:28', '2024-04-21 05:41:28', NULL),
(157, 23, 21, '2024-04-21 05:41:28', '2024-04-21 05:41:28', NULL),
(158, 23, 22, '2024-04-21 05:41:28', '2024-04-21 05:41:28', NULL),
(159, 23, 23, '2024-04-21 05:41:28', '2024-04-21 05:41:28', NULL),
(160, 23, 24, '2024-04-21 05:41:28', '2024-04-21 05:41:28', NULL),
(161, 23, 25, '2024-04-21 05:41:28', '2024-04-21 05:41:28', NULL),
(162, 23, 26, '2024-04-21 05:41:28', '2024-04-21 05:41:28', NULL),
(163, 23, 27, '2024-04-21 05:41:28', '2024-04-21 05:41:28', NULL),
(164, 23, 28, '2024-04-21 05:41:28', '2024-04-21 05:41:28', NULL),
(165, 23, 33, '2024-04-21 05:41:28', '2024-04-21 05:41:28', NULL),
(166, 23, 34, '2024-04-21 05:41:28', '2024-04-21 05:41:28', NULL),
(167, 23, 35, '2024-04-21 05:41:28', '2024-04-21 05:41:28', NULL),
(168, 23, 36, '2024-04-21 05:41:28', '2024-04-21 05:41:28', NULL),
(169, 23, 37, '2024-04-21 05:41:28', '2024-04-21 05:41:28', NULL),
(170, 23, 38, '2024-04-21 05:41:28', '2024-04-21 05:41:28', NULL),
(171, 23, 39, '2024-04-21 05:41:28', '2024-04-21 05:41:28', NULL),
(172, 23, 40, '2024-04-21 05:41:28', '2024-04-21 05:41:28', NULL),
(173, 24, 1, '2024-04-21 05:41:28', '2024-04-21 05:41:28', NULL),
(174, 24, 2, '2024-04-21 05:41:28', '2024-04-21 05:41:28', NULL),
(175, 24, 3, '2024-04-21 05:41:28', '2024-04-21 05:41:28', NULL),
(176, 24, 4, '2024-04-21 05:41:28', '2024-04-21 05:41:28', NULL),
(177, 25, 1, '2024-04-21 05:41:28', '2024-04-21 05:41:28', NULL),
(178, 25, 2, '2024-04-21 05:41:28', '2024-04-21 05:41:28', NULL),
(179, 25, 3, '2024-04-21 05:41:28', '2024-04-21 05:41:28', NULL),
(180, 25, 4, '2024-04-21 05:41:28', '2024-04-21 05:41:28', NULL),
(181, 26, 1, '2024-04-21 05:41:28', '2024-04-21 05:41:28', NULL),
(182, 26, 2, '2024-04-21 05:41:28', '2024-04-21 05:41:28', NULL),
(183, 26, 3, '2024-04-21 05:41:28', '2024-04-21 05:41:28', NULL),
(184, 26, 4, '2024-04-21 05:41:28', '2024-04-21 05:41:28', NULL),
(465, 47, 9, '2024-04-24 09:51:25', '2024-04-24 09:51:25', NULL),
(466, 47, 10, '2024-04-24 09:51:25', '2024-04-24 09:51:25', NULL),
(467, 47, 11, '2024-04-24 09:51:25', '2024-04-24 09:51:25', NULL),
(468, 47, 12, '2024-04-24 09:51:25', '2024-04-24 09:51:25', NULL),
(469, 47, 13, '2024-04-24 09:51:25', '2024-04-24 09:51:25', NULL),
(470, 47, 14, '2024-04-24 09:51:25', '2024-04-24 09:51:25', NULL),
(471, 47, 15, '2024-04-24 09:51:25', '2024-04-24 09:51:25', NULL),
(472, 47, 16, '2024-04-24 09:51:25', '2024-04-24 09:51:25', NULL),
(473, 48, 9, '2024-04-24 09:51:25', '2024-04-24 09:51:25', NULL),
(474, 48, 10, '2024-04-24 09:51:25', '2024-04-24 09:51:25', NULL),
(475, 48, 11, '2024-04-24 09:51:25', '2024-04-24 09:51:25', NULL),
(476, 48, 12, '2024-04-24 09:51:25', '2024-04-24 09:51:25', NULL),
(477, 48, 13, '2024-04-24 09:51:25', '2024-04-24 09:51:25', NULL),
(478, 48, 14, '2024-04-24 09:51:25', '2024-04-24 09:51:25', NULL),
(479, 48, 15, '2024-04-24 09:51:25', '2024-04-24 09:51:25', NULL),
(480, 48, 16, '2024-04-24 09:51:25', '2024-04-24 09:51:25', NULL),
(481, 49, 9, '2024-04-24 09:51:25', '2024-04-24 09:51:25', NULL),
(482, 49, 10, '2024-04-24 09:51:25', '2024-04-24 09:51:25', NULL),
(483, 49, 11, '2024-04-24 09:51:25', '2024-04-24 09:51:25', NULL),
(484, 49, 12, '2024-04-24 09:51:25', '2024-04-24 09:51:25', NULL),
(485, 49, 13, '2024-04-24 09:51:25', '2024-04-24 09:51:25', NULL),
(486, 49, 14, '2024-04-24 09:51:25', '2024-04-24 09:51:25', NULL),
(487, 49, 15, '2024-04-24 09:51:25', '2024-04-24 09:51:25', NULL),
(488, 49, 16, '2024-04-24 09:51:25', '2024-04-24 09:51:25', NULL),
(489, 50, 9, '2024-04-24 09:51:25', '2024-04-24 09:51:25', NULL),
(490, 50, 10, '2024-04-24 09:51:25', '2024-04-24 09:51:25', NULL),
(491, 50, 11, '2024-04-24 09:51:25', '2024-04-24 09:51:25', NULL),
(492, 50, 12, '2024-04-24 09:51:25', '2024-04-24 09:51:25', NULL),
(493, 50, 13, '2024-04-24 09:51:25', '2024-04-24 09:51:25', NULL),
(494, 50, 14, '2024-04-24 09:51:25', '2024-04-24 09:51:25', NULL),
(495, 50, 15, '2024-04-24 09:51:25', '2024-04-24 09:51:25', NULL),
(496, 50, 16, '2024-04-24 09:51:25', '2024-04-24 09:51:25', NULL),
(497, 51, 9, '2024-04-24 09:51:25', '2024-04-24 09:51:25', NULL),
(498, 51, 10, '2024-04-24 09:51:25', '2024-04-24 09:51:25', NULL),
(499, 51, 11, '2024-04-24 09:51:25', '2024-04-24 09:51:25', NULL),
(500, 51, 12, '2024-04-24 09:51:25', '2024-04-24 09:51:25', NULL),
(501, 51, 13, '2024-04-24 09:51:25', '2024-04-24 09:51:25', NULL),
(502, 51, 14, '2024-04-24 09:51:25', '2024-04-24 09:51:25', NULL),
(503, 51, 15, '2024-04-24 09:51:25', '2024-04-24 09:51:25', NULL),
(504, 51, 16, '2024-04-24 09:51:25', '2024-04-24 09:51:25', NULL),
(705, 57, 1, '2024-04-25 17:18:56', '2024-04-25 17:18:56', NULL),
(706, 57, 2, '2024-04-25 17:18:56', '2024-04-25 17:18:56', NULL),
(707, 57, 3, '2024-04-25 17:18:56', '2024-04-25 17:18:56', NULL),
(708, 57, 4, '2024-04-25 17:18:56', '2024-04-25 17:18:56', NULL),
(709, 57, 9, '2024-04-25 17:18:56', '2024-04-25 17:18:56', NULL),
(710, 57, 10, '2024-04-25 17:18:56', '2024-04-25 17:18:56', NULL),
(711, 57, 11, '2024-04-25 17:18:56', '2024-04-25 17:18:56', NULL),
(712, 57, 12, '2024-04-25 17:18:56', '2024-04-25 17:18:56', NULL),
(713, 57, 13, '2024-04-25 17:18:56', '2024-04-25 17:18:56', NULL),
(714, 57, 14, '2024-04-25 17:18:56', '2024-04-25 17:18:56', NULL),
(715, 57, 15, '2024-04-25 17:18:56', '2024-04-25 17:18:56', NULL),
(716, 57, 16, '2024-04-25 17:18:56', '2024-04-25 17:18:56', NULL),
(717, 58, 1, '2024-04-25 17:18:56', '2024-05-07 13:47:49', '2024-05-07 13:47:49'),
(718, 58, 2, '2024-04-25 17:18:56', '2024-05-07 15:47:49', '2024-05-07 15:47:49'),
(719, 58, 3, '2024-04-25 17:18:56', '2024-05-07 15:47:49', '2024-05-07 15:47:49'),
(720, 58, 4, '2024-04-25 17:18:56', '2024-05-07 15:47:49', '2024-05-07 15:47:49'),
(721, 58, 9, '2024-04-25 17:18:56', '2024-04-25 17:18:56', NULL),
(722, 58, 10, '2024-04-25 17:18:56', '2024-04-25 17:18:56', NULL),
(723, 58, 11, '2024-04-25 17:18:56', '2024-04-25 17:18:56', NULL),
(724, 58, 12, '2024-04-25 17:18:56', '2024-04-25 17:18:56', NULL),
(725, 58, 13, '2024-04-25 17:18:56', '2024-04-25 17:18:56', NULL),
(726, 58, 14, '2024-04-25 17:18:56', '2024-04-25 17:18:56', NULL),
(727, 58, 15, '2024-04-25 17:18:56', '2024-04-25 17:18:56', NULL),
(728, 58, 16, '2024-04-25 17:18:56', '2024-04-25 17:18:56', NULL),
(729, 59, 1, '2024-04-25 17:18:56', '2024-05-07 15:47:49', '2024-05-07 15:47:49'),
(730, 59, 2, '2024-04-25 17:18:56', '2024-05-07 15:47:49', '2024-05-07 15:47:49'),
(731, 59, 3, '2024-04-25 17:18:56', '2024-05-07 15:47:49', '2024-05-07 15:47:49'),
(732, 59, 4, '2024-04-25 17:18:56', '2024-05-07 15:47:49', '2024-05-07 15:47:49'),
(733, 59, 9, '2024-04-25 17:18:56', '2024-04-25 17:18:56', NULL),
(734, 59, 10, '2024-04-25 17:18:56', '2024-04-25 17:18:56', NULL),
(735, 59, 11, '2024-04-25 17:18:56', '2024-04-25 17:18:56', NULL),
(736, 59, 12, '2024-04-25 17:18:56', '2024-04-25 17:18:56', NULL),
(737, 59, 13, '2024-04-25 17:18:56', '2024-04-25 17:18:56', NULL),
(738, 59, 14, '2024-04-25 17:18:56', '2024-04-25 17:18:56', NULL),
(739, 59, 15, '2024-04-25 17:18:56', '2024-04-25 17:18:56', NULL),
(740, 59, 16, '2024-04-25 17:18:56', '2024-04-25 17:18:56', NULL),
(741, 60, 1, '2024-04-25 17:18:56', '2024-05-07 15:47:49', '2024-05-07 15:47:49'),
(742, 60, 2, '2024-04-25 17:18:56', '2024-05-07 15:47:49', '2024-05-07 15:47:49'),
(743, 60, 3, '2024-04-25 17:18:56', '2024-05-07 15:47:49', '2024-05-07 15:47:49'),
(744, 60, 4, '2024-04-25 17:18:56', '2024-05-07 15:47:49', '2024-05-07 15:47:49'),
(745, 60, 9, '2024-04-25 17:18:56', '2024-04-25 17:18:56', NULL),
(746, 60, 10, '2024-04-25 17:18:56', '2024-04-25 17:18:56', NULL),
(747, 60, 11, '2024-04-25 17:18:56', '2024-04-25 17:18:56', NULL),
(748, 60, 12, '2024-04-25 17:18:56', '2024-04-25 17:18:56', NULL),
(749, 60, 13, '2024-04-25 17:18:56', '2024-04-25 17:18:56', NULL),
(750, 60, 14, '2024-04-25 17:18:56', '2024-04-25 17:18:56', NULL),
(751, 60, 15, '2024-04-25 17:18:56', '2024-04-25 17:18:56', NULL),
(752, 60, 16, '2024-04-25 17:18:56', '2024-04-25 17:18:56', NULL),
(753, 61, 1, '2024-04-25 17:18:56', '2024-05-07 15:47:49', '2024-05-07 15:47:49'),
(754, 61, 2, '2024-04-25 17:18:56', '2024-05-07 15:47:49', '2024-05-07 15:47:49'),
(755, 61, 3, '2024-04-25 17:18:56', '2024-05-07 15:47:49', '2024-05-07 15:47:49'),
(756, 61, 4, '2024-04-25 17:18:56', '2024-05-07 15:47:49', '2024-05-07 15:47:49'),
(757, 61, 9, '2024-04-25 17:18:56', '2024-04-25 17:18:56', NULL),
(758, 61, 10, '2024-04-25 17:18:56', '2024-04-25 17:18:56', NULL),
(759, 61, 11, '2024-04-25 17:18:56', '2024-04-25 17:18:56', NULL),
(760, 61, 12, '2024-04-25 17:18:56', '2024-04-25 17:18:56', NULL),
(761, 61, 13, '2024-04-25 17:18:56', '2024-04-25 17:18:56', NULL),
(762, 61, 14, '2024-04-25 17:18:56', '2024-04-25 17:18:56', NULL),
(763, 61, 15, '2024-04-25 17:18:56', '2024-04-25 17:18:56', NULL),
(764, 61, 16, '2024-04-25 17:18:56', '2024-04-25 17:18:56', NULL),
(765, 62, 1, '2024-04-25 17:19:22', '2024-04-25 17:19:22', NULL),
(766, 62, 2, '2024-04-25 17:19:22', '2024-04-25 17:19:22', NULL),
(767, 62, 3, '2024-04-25 17:19:22', '2024-04-25 17:19:22', NULL),
(768, 62, 4, '2024-04-25 17:19:22', '2024-04-25 17:19:22', NULL),
(769, 62, 5, '2024-04-25 17:19:22', '2024-04-25 17:19:22', NULL),
(770, 62, 6, '2024-04-25 17:19:22', '2024-04-25 17:19:22', NULL),
(771, 62, 7, '2024-04-25 17:19:22', '2024-04-25 17:19:22', NULL),
(772, 62, 8, '2024-04-25 17:19:22', '2024-04-25 17:19:22', NULL),
(773, 62, 9, '2024-04-25 17:19:22', '2024-04-25 17:19:22', NULL),
(774, 62, 10, '2024-04-25 17:19:22', '2024-04-25 17:19:22', NULL),
(775, 62, 11, '2024-04-25 17:19:22', '2024-04-25 17:19:22', NULL),
(776, 62, 12, '2024-04-25 17:19:22', '2024-04-25 17:19:22', NULL),
(777, 62, 13, '2024-04-25 17:19:22', '2024-04-25 17:19:22', NULL),
(778, 62, 14, '2024-04-25 17:19:22', '2024-04-25 17:19:22', NULL),
(779, 62, 15, '2024-04-25 17:19:22', '2024-04-25 17:19:22', NULL),
(780, 62, 16, '2024-04-25 17:19:22', '2024-04-25 17:19:22', NULL),
(781, 62, 21, '2024-04-25 17:19:22', '2024-04-25 17:19:22', NULL),
(782, 62, 22, '2024-04-25 17:19:22', '2024-04-25 17:19:22', NULL),
(783, 62, 23, '2024-04-25 17:19:22', '2024-04-25 17:19:22', NULL),
(784, 62, 24, '2024-04-25 17:19:22', '2024-04-25 17:19:22', NULL),
(785, 62, 17, '2024-04-25 17:19:22', '2024-04-25 17:19:22', NULL),
(786, 62, 18, '2024-04-25 17:19:22', '2024-04-25 17:19:22', NULL),
(787, 62, 19, '2024-04-25 17:19:22', '2024-04-25 17:19:22', NULL),
(788, 62, 20, '2024-04-25 17:19:22', '2024-04-25 17:19:22', NULL),
(789, 62, 25, '2024-04-25 17:19:22', '2024-04-25 17:19:22', NULL),
(790, 62, 26, '2024-04-25 17:19:22', '2024-04-25 17:19:22', NULL),
(791, 62, 27, '2024-04-25 17:19:22', '2024-04-25 17:19:22', NULL),
(792, 62, 28, '2024-04-25 17:19:22', '2024-04-25 17:19:22', NULL),
(793, 62, 29, '2024-04-25 17:19:22', '2024-04-25 17:19:22', NULL),
(794, 62, 30, '2024-04-25 17:19:22', '2024-04-25 17:19:22', NULL),
(795, 62, 31, '2024-04-25 17:19:22', '2024-04-25 17:19:22', NULL),
(796, 62, 32, '2024-04-25 17:19:22', '2024-04-25 17:19:22', NULL),
(797, 62, 33, '2024-04-25 17:19:22', '2024-04-25 17:19:22', NULL),
(798, 62, 34, '2024-04-25 17:19:22', '2024-04-25 17:19:22', NULL),
(799, 62, 35, '2024-04-25 17:19:22', '2024-04-25 17:19:22', NULL),
(800, 62, 36, '2024-04-25 17:19:22', '2024-04-25 17:19:22', NULL),
(801, 62, 37, '2024-04-25 17:19:22', '2024-04-25 17:19:22', NULL),
(802, 62, 38, '2024-04-25 17:19:22', '2024-04-25 17:19:22', NULL),
(803, 62, 39, '2024-04-25 17:19:22', '2024-04-25 17:19:22', NULL),
(804, 62, 40, '2024-04-25 17:19:22', '2024-04-25 17:19:22', NULL),
(805, 63, 1, '2024-04-25 17:19:22', '2024-04-25 17:19:22', NULL),
(806, 63, 2, '2024-04-25 17:19:22', '2024-04-25 17:19:22', NULL),
(807, 63, 3, '2024-04-25 17:19:22', '2024-04-25 17:19:22', NULL),
(808, 63, 4, '2024-04-25 17:19:22', '2024-04-25 17:19:22', NULL),
(809, 63, 5, '2024-04-25 17:19:22', '2024-04-25 17:19:22', NULL),
(810, 63, 6, '2024-04-25 17:19:22', '2024-04-25 17:19:22', NULL),
(811, 63, 7, '2024-04-25 17:19:22', '2024-04-25 17:19:22', NULL),
(812, 63, 8, '2024-04-25 17:19:22', '2024-04-25 17:19:22', NULL),
(813, 63, 9, '2024-04-25 17:19:22', '2024-04-25 17:19:22', NULL),
(814, 63, 10, '2024-04-25 17:19:22', '2024-04-25 17:19:22', NULL),
(815, 63, 11, '2024-04-25 17:19:22', '2024-04-25 17:19:22', NULL),
(816, 63, 12, '2024-04-25 17:19:22', '2024-04-25 17:19:22', NULL),
(817, 63, 13, '2024-04-25 17:19:22', '2024-04-25 17:19:22', NULL),
(818, 63, 14, '2024-04-25 17:19:22', '2024-04-25 17:19:22', NULL),
(819, 63, 15, '2024-04-25 17:19:22', '2024-04-25 17:19:22', NULL),
(820, 63, 16, '2024-04-25 17:19:22', '2024-04-25 17:19:22', NULL),
(821, 63, 21, '2024-04-25 17:19:22', '2024-04-25 17:19:22', NULL),
(822, 63, 22, '2024-04-25 17:19:22', '2024-04-25 17:19:22', NULL),
(823, 63, 23, '2024-04-25 17:19:22', '2024-04-25 17:19:22', NULL),
(824, 63, 24, '2024-04-25 17:19:22', '2024-04-25 17:19:22', NULL),
(825, 63, 17, '2024-04-25 17:19:22', '2024-04-25 17:19:22', NULL),
(826, 63, 18, '2024-04-25 17:19:22', '2024-04-25 17:19:22', NULL),
(827, 63, 19, '2024-04-25 17:19:22', '2024-04-25 17:19:22', NULL),
(828, 63, 20, '2024-04-25 17:19:22', '2024-04-25 17:19:22', NULL),
(829, 63, 25, '2024-04-25 17:19:22', '2024-04-25 17:19:22', NULL),
(830, 63, 26, '2024-04-25 17:19:22', '2024-04-25 17:19:22', NULL),
(831, 63, 27, '2024-04-25 17:19:22', '2024-04-25 17:19:22', NULL),
(832, 63, 28, '2024-04-25 17:19:22', '2024-04-25 17:19:22', NULL),
(833, 63, 29, '2024-04-25 17:19:22', '2024-04-25 17:19:22', NULL),
(834, 63, 30, '2024-04-25 17:19:22', '2024-04-25 17:19:22', NULL),
(835, 63, 31, '2024-04-25 17:19:22', '2024-04-25 17:19:22', NULL),
(836, 63, 32, '2024-04-25 17:19:22', '2024-04-25 17:19:22', NULL),
(837, 63, 33, '2024-04-25 17:19:22', '2024-04-25 17:19:22', NULL),
(838, 63, 34, '2024-04-25 17:19:22', '2024-04-25 17:19:22', NULL),
(839, 63, 35, '2024-04-25 17:19:22', '2024-04-25 17:19:22', NULL),
(840, 63, 36, '2024-04-25 17:19:22', '2024-04-25 17:19:22', NULL),
(841, 63, 37, '2024-04-25 17:19:22', '2024-04-25 17:19:22', NULL),
(842, 63, 38, '2024-04-25 17:19:22', '2024-04-25 17:19:22', NULL),
(843, 63, 39, '2024-04-25 17:19:22', '2024-04-25 17:19:22', NULL),
(844, 63, 40, '2024-04-25 17:19:22', '2024-04-25 17:19:22', NULL),
(845, 64, 1, '2024-04-25 17:19:22', '2024-04-25 17:19:22', NULL),
(846, 64, 2, '2024-04-25 17:19:22', '2024-04-25 17:19:22', NULL),
(847, 64, 3, '2024-04-25 17:19:22', '2024-04-25 17:19:22', NULL),
(848, 64, 4, '2024-04-25 17:19:22', '2024-04-25 17:19:22', NULL),
(849, 64, 5, '2024-04-25 17:19:22', '2024-04-25 17:19:22', NULL),
(850, 64, 6, '2024-04-25 17:19:22', '2024-04-25 17:19:22', NULL),
(851, 64, 7, '2024-04-25 17:19:22', '2024-04-25 17:19:22', NULL),
(852, 64, 8, '2024-04-25 17:19:22', '2024-04-25 17:19:22', NULL),
(853, 64, 9, '2024-04-25 17:19:22', '2024-04-25 17:19:22', NULL),
(854, 64, 10, '2024-04-25 17:19:22', '2024-04-25 17:19:22', NULL),
(855, 64, 11, '2024-04-25 17:19:22', '2024-04-25 17:19:22', NULL),
(856, 64, 12, '2024-04-25 17:19:22', '2024-04-25 17:19:22', NULL),
(857, 64, 13, '2024-04-25 17:19:22', '2024-04-25 17:19:22', NULL),
(858, 64, 14, '2024-04-25 17:19:22', '2024-04-25 17:19:22', NULL),
(859, 64, 15, '2024-04-25 17:19:22', '2024-04-25 17:19:22', NULL),
(860, 64, 16, '2024-04-25 17:19:22', '2024-04-25 17:19:22', NULL),
(861, 64, 21, '2024-04-25 17:19:22', '2024-04-25 17:19:22', NULL),
(862, 64, 22, '2024-04-25 17:19:22', '2024-04-25 17:19:22', NULL),
(863, 64, 23, '2024-04-25 17:19:22', '2024-04-25 17:19:22', NULL),
(864, 64, 24, '2024-04-25 17:19:22', '2024-04-25 17:19:22', NULL),
(865, 64, 17, '2024-04-25 17:19:22', '2024-04-25 17:19:22', NULL),
(866, 64, 18, '2024-04-25 17:19:22', '2024-04-25 17:19:22', NULL),
(867, 64, 19, '2024-04-25 17:19:22', '2024-04-25 17:19:22', NULL),
(868, 64, 20, '2024-04-25 17:19:22', '2024-04-25 17:19:22', NULL),
(869, 64, 25, '2024-04-25 17:19:22', '2024-04-25 17:19:22', NULL),
(870, 64, 26, '2024-04-25 17:19:22', '2024-04-25 17:19:22', NULL),
(871, 64, 27, '2024-04-25 17:19:22', '2024-04-25 17:19:22', NULL),
(872, 64, 28, '2024-04-25 17:19:22', '2024-04-25 17:19:22', NULL),
(873, 64, 29, '2024-04-25 17:19:22', '2024-04-25 17:19:22', NULL),
(874, 64, 30, '2024-04-25 17:19:22', '2024-04-25 17:19:22', NULL),
(875, 64, 31, '2024-04-25 17:19:22', '2024-04-25 17:19:22', NULL),
(876, 64, 32, '2024-04-25 17:19:22', '2024-04-25 17:19:22', NULL),
(877, 64, 33, '2024-04-25 17:19:22', '2024-04-25 17:19:22', NULL),
(878, 64, 34, '2024-04-25 17:19:22', '2024-04-25 17:19:22', NULL),
(879, 64, 35, '2024-04-25 17:19:22', '2024-04-25 17:19:22', NULL),
(880, 64, 36, '2024-04-25 17:19:22', '2024-04-25 17:19:22', NULL),
(881, 64, 37, '2024-04-25 17:19:22', '2024-04-25 17:19:22', NULL),
(882, 64, 38, '2024-04-25 17:19:22', '2024-04-25 17:19:22', NULL),
(883, 64, 39, '2024-04-25 17:19:22', '2024-04-25 17:19:22', NULL),
(884, 64, 40, '2024-04-25 17:19:22', '2024-04-25 17:19:22', NULL),
(885, 65, 1, '2024-04-25 17:19:22', '2024-04-25 17:19:22', NULL),
(886, 65, 2, '2024-04-25 17:19:22', '2024-04-25 17:19:22', NULL),
(887, 65, 3, '2024-04-25 17:19:22', '2024-04-25 17:19:22', NULL),
(888, 65, 4, '2024-04-25 17:19:22', '2024-04-25 17:19:22', NULL),
(889, 65, 5, '2024-04-25 17:19:22', '2024-04-25 17:19:22', NULL),
(890, 65, 6, '2024-04-25 17:19:22', '2024-04-25 17:19:22', NULL),
(891, 65, 7, '2024-04-25 17:19:22', '2024-04-25 17:19:22', NULL),
(892, 65, 8, '2024-04-25 17:19:22', '2024-04-25 17:19:22', NULL),
(893, 65, 9, '2024-04-25 17:19:22', '2024-04-25 17:19:22', NULL),
(894, 65, 10, '2024-04-25 17:19:22', '2024-04-25 17:19:22', NULL),
(895, 65, 11, '2024-04-25 17:19:22', '2024-04-25 17:19:22', NULL),
(896, 65, 12, '2024-04-25 17:19:22', '2024-04-25 17:19:22', NULL),
(897, 65, 13, '2024-04-25 17:19:22', '2024-04-25 17:19:22', NULL),
(898, 65, 14, '2024-04-25 17:19:22', '2024-04-25 17:19:22', NULL),
(899, 65, 15, '2024-04-25 17:19:22', '2024-04-25 17:19:22', NULL),
(900, 65, 16, '2024-04-25 17:19:22', '2024-04-25 17:19:22', NULL),
(901, 65, 21, '2024-04-25 17:19:22', '2024-04-25 17:19:22', NULL),
(902, 65, 22, '2024-04-25 17:19:22', '2024-04-25 17:19:22', NULL),
(903, 65, 23, '2024-04-25 17:19:22', '2024-04-25 17:19:22', NULL),
(904, 65, 24, '2024-04-25 17:19:22', '2024-04-25 17:19:22', NULL),
(905, 65, 17, '2024-04-25 17:19:22', '2024-04-25 17:19:22', NULL),
(906, 65, 18, '2024-04-25 17:19:22', '2024-04-25 17:19:22', NULL),
(907, 65, 19, '2024-04-25 17:19:22', '2024-04-25 17:19:22', NULL),
(908, 65, 20, '2024-04-25 17:19:22', '2024-04-25 17:19:22', NULL),
(909, 65, 25, '2024-04-25 17:19:22', '2024-04-25 17:19:22', NULL),
(910, 65, 26, '2024-04-25 17:19:22', '2024-04-25 17:19:22', NULL),
(911, 65, 27, '2024-04-25 17:19:22', '2024-04-25 17:19:22', NULL),
(912, 65, 28, '2024-04-25 17:19:22', '2024-04-25 17:19:22', NULL),
(913, 65, 29, '2024-04-25 17:19:22', '2024-04-25 17:19:22', NULL),
(914, 65, 30, '2024-04-25 17:19:22', '2024-04-25 17:19:22', NULL),
(915, 65, 31, '2024-04-25 17:19:22', '2024-04-25 17:19:22', NULL),
(916, 65, 32, '2024-04-25 17:19:22', '2024-04-25 17:19:22', NULL),
(917, 65, 33, '2024-04-25 17:19:22', '2024-04-25 17:19:22', NULL),
(918, 65, 34, '2024-04-25 17:19:22', '2024-04-25 17:19:22', NULL),
(919, 65, 35, '2024-04-25 17:19:22', '2024-04-25 17:19:22', NULL),
(920, 65, 36, '2024-04-25 17:19:22', '2024-04-25 17:19:22', NULL),
(921, 65, 37, '2024-04-25 17:19:22', '2024-04-25 17:19:22', NULL),
(922, 65, 38, '2024-04-25 17:19:22', '2024-04-25 17:19:22', NULL),
(923, 65, 39, '2024-04-25 17:19:22', '2024-04-25 17:19:22', NULL),
(924, 65, 40, '2024-04-25 17:19:22', '2024-04-25 17:19:22', NULL),
(925, 66, 1, '2024-04-25 17:19:22', '2024-04-25 17:19:22', NULL),
(926, 66, 2, '2024-04-25 17:19:22', '2024-04-25 17:19:22', NULL),
(927, 66, 3, '2024-04-25 17:19:22', '2024-04-25 17:19:22', NULL),
(928, 66, 4, '2024-04-25 17:19:22', '2024-04-25 17:19:22', NULL),
(929, 66, 5, '2024-04-25 17:19:22', '2024-04-25 17:19:22', NULL),
(930, 66, 6, '2024-04-25 17:19:22', '2024-04-25 17:19:22', NULL),
(931, 66, 7, '2024-04-25 17:19:22', '2024-04-25 17:19:22', NULL),
(932, 66, 8, '2024-04-25 17:19:22', '2024-04-25 17:19:22', NULL),
(933, 66, 9, '2024-04-25 17:19:22', '2024-04-25 17:19:22', NULL),
(934, 66, 10, '2024-04-25 17:19:22', '2024-04-25 17:19:22', NULL),
(935, 66, 11, '2024-04-25 17:19:22', '2024-04-25 17:19:22', NULL),
(936, 66, 12, '2024-04-25 17:19:22', '2024-04-25 17:19:22', NULL),
(937, 66, 13, '2024-04-25 17:19:22', '2024-04-25 17:19:22', NULL),
(938, 66, 14, '2024-04-25 17:19:22', '2024-04-25 17:19:22', NULL),
(939, 66, 15, '2024-04-25 17:19:22', '2024-04-25 17:19:22', NULL),
(940, 66, 16, '2024-04-25 17:19:22', '2024-04-25 17:19:22', NULL),
(941, 66, 21, '2024-04-25 17:19:22', '2024-04-25 17:19:22', NULL),
(942, 66, 22, '2024-04-25 17:19:22', '2024-04-25 17:19:22', NULL),
(943, 66, 23, '2024-04-25 17:19:22', '2024-04-25 17:19:22', NULL),
(944, 66, 24, '2024-04-25 17:19:22', '2024-04-25 17:19:22', NULL),
(945, 66, 17, '2024-04-25 17:19:22', '2024-04-25 17:19:22', NULL),
(946, 66, 18, '2024-04-25 17:19:22', '2024-04-25 17:19:22', NULL),
(947, 66, 19, '2024-04-25 17:19:22', '2024-04-25 17:19:22', NULL),
(948, 66, 20, '2024-04-25 17:19:22', '2024-04-25 17:19:22', NULL),
(949, 66, 25, '2024-04-25 17:19:22', '2024-04-25 17:19:22', NULL),
(950, 66, 26, '2024-04-25 17:19:22', '2024-04-25 17:19:22', NULL),
(951, 66, 27, '2024-04-25 17:19:22', '2024-04-25 17:19:22', NULL),
(952, 66, 28, '2024-04-25 17:19:22', '2024-04-25 17:19:22', NULL),
(953, 66, 29, '2024-04-25 17:19:22', '2024-04-25 17:19:22', NULL),
(954, 66, 30, '2024-04-25 17:19:22', '2024-04-25 17:19:22', NULL),
(955, 66, 31, '2024-04-25 17:19:22', '2024-04-25 17:19:22', NULL),
(956, 66, 32, '2024-04-25 17:19:22', '2024-04-25 17:19:22', NULL),
(957, 66, 33, '2024-04-25 17:19:22', '2024-04-25 17:19:22', NULL),
(958, 66, 34, '2024-04-25 17:19:22', '2024-04-25 17:19:22', NULL),
(959, 66, 35, '2024-04-25 17:19:22', '2024-04-25 17:19:22', NULL),
(960, 66, 36, '2024-04-25 17:19:22', '2024-04-25 17:19:22', NULL),
(961, 66, 37, '2024-04-25 17:19:22', '2024-04-25 17:19:22', NULL),
(962, 66, 38, '2024-04-25 17:19:22', '2024-04-25 17:19:22', NULL),
(963, 66, 39, '2024-04-25 17:19:22', '2024-04-25 17:19:22', NULL),
(964, 66, 40, '2024-04-25 17:19:22', '2024-04-25 17:19:22', NULL),
(965, 67, 1, '2024-04-27 15:58:30', '2024-04-27 15:58:30', NULL),
(966, 67, 2, '2024-04-27 15:58:30', '2024-04-27 15:58:30', NULL),
(967, 67, 3, '2024-04-27 15:58:30', '2024-04-27 15:58:30', NULL),
(968, 67, 4, '2024-04-27 15:58:30', '2024-04-27 15:58:30', NULL),
(969, 67, 5, '2024-04-27 15:58:30', '2024-04-27 15:58:30', NULL),
(970, 67, 6, '2024-04-27 15:58:30', '2024-04-27 15:58:30', NULL),
(971, 67, 7, '2024-04-27 15:58:30', '2024-04-27 15:58:30', NULL),
(972, 67, 8, '2024-04-27 15:58:30', '2024-04-27 15:58:30', NULL),
(973, 67, 9, '2024-04-27 15:58:30', '2024-04-27 15:58:30', NULL),
(974, 67, 10, '2024-04-27 15:58:30', '2024-04-27 15:58:30', NULL),
(975, 67, 11, '2024-04-27 15:58:30', '2024-04-27 15:58:30', NULL),
(976, 67, 12, '2024-04-27 15:58:30', '2024-04-27 15:58:30', NULL),
(977, 68, 1, '2024-04-27 15:58:30', '2024-04-27 15:58:30', NULL),
(978, 68, 2, '2024-04-27 15:58:30', '2024-04-27 15:58:30', NULL),
(979, 68, 3, '2024-04-27 15:58:30', '2024-04-27 15:58:30', NULL),
(980, 68, 4, '2024-04-27 15:58:30', '2024-04-27 15:58:30', NULL),
(981, 68, 5, '2024-04-27 15:58:30', '2024-04-27 15:58:30', NULL),
(982, 68, 6, '2024-04-27 15:58:30', '2024-04-27 15:58:30', NULL),
(983, 68, 7, '2024-04-27 15:58:30', '2024-04-27 15:58:30', NULL),
(984, 68, 8, '2024-04-27 15:58:30', '2024-04-27 15:58:30', NULL),
(985, 68, 9, '2024-04-27 15:58:30', '2024-04-27 15:58:30', NULL),
(986, 68, 10, '2024-04-27 15:58:30', '2024-04-27 15:58:30', NULL),
(987, 68, 11, '2024-04-27 15:58:30', '2024-04-27 15:58:30', NULL),
(988, 68, 12, '2024-04-27 15:58:30', '2024-04-27 15:58:30', NULL),
(989, 69, 1, '2024-04-27 15:58:30', '2024-04-27 15:58:30', NULL),
(990, 69, 2, '2024-04-27 15:58:30', '2024-04-27 15:58:30', NULL),
(991, 69, 3, '2024-04-27 15:58:30', '2024-04-27 15:58:30', NULL),
(992, 69, 4, '2024-04-27 15:58:30', '2024-04-27 15:58:30', NULL),
(993, 69, 5, '2024-04-27 15:58:30', '2024-04-27 15:58:30', NULL),
(994, 69, 6, '2024-04-27 15:58:30', '2024-04-27 15:58:30', NULL),
(995, 69, 7, '2024-04-27 15:58:30', '2024-04-27 15:58:30', NULL),
(996, 69, 8, '2024-04-27 15:58:30', '2024-04-27 15:58:30', NULL),
(997, 69, 9, '2024-04-27 15:58:30', '2024-04-27 15:58:30', NULL),
(998, 69, 10, '2024-04-27 15:58:30', '2024-04-27 15:58:30', NULL),
(999, 69, 11, '2024-04-27 15:58:30', '2024-04-27 15:58:30', NULL),
(1000, 69, 12, '2024-04-27 15:58:30', '2024-04-27 15:58:30', NULL),
(1001, 70, 1, '2024-04-27 15:58:30', '2024-04-27 15:58:30', NULL),
(1002, 70, 2, '2024-04-27 15:58:30', '2024-04-27 15:58:30', NULL),
(1003, 70, 3, '2024-04-27 15:58:30', '2024-04-27 15:58:30', NULL),
(1004, 70, 4, '2024-04-27 15:58:30', '2024-04-27 15:58:30', NULL),
(1005, 70, 5, '2024-04-27 15:58:30', '2024-04-27 15:58:30', NULL),
(1006, 70, 6, '2024-04-27 15:58:30', '2024-04-27 15:58:30', NULL),
(1007, 70, 7, '2024-04-27 15:58:30', '2024-04-27 15:58:30', NULL),
(1008, 70, 8, '2024-04-27 15:58:30', '2024-04-27 15:58:30', NULL),
(1009, 70, 9, '2024-04-27 15:58:30', '2024-04-27 15:58:30', NULL),
(1010, 70, 10, '2024-04-27 15:58:30', '2024-04-27 15:58:30', NULL),
(1011, 70, 11, '2024-04-27 15:58:30', '2024-04-27 15:58:30', NULL),
(1012, 70, 12, '2024-04-27 15:58:30', '2024-04-27 15:58:30', NULL),
(1013, 71, 1, '2024-04-27 15:58:30', '2024-04-27 15:58:30', NULL),
(1014, 71, 2, '2024-04-27 15:58:30', '2024-04-27 15:58:30', NULL),
(1015, 71, 3, '2024-04-27 15:58:30', '2024-04-27 15:58:30', NULL),
(1016, 71, 4, '2024-04-27 15:58:30', '2024-04-27 15:58:30', NULL),
(1017, 71, 5, '2024-04-27 15:58:30', '2024-04-27 15:58:30', NULL),
(1018, 71, 6, '2024-04-27 15:58:30', '2024-04-27 15:58:30', NULL),
(1019, 71, 7, '2024-04-27 15:58:30', '2024-04-27 15:58:30', NULL),
(1020, 71, 8, '2024-04-27 15:58:30', '2024-04-27 15:58:30', NULL),
(1021, 71, 9, '2024-04-27 15:58:30', '2024-04-27 15:58:30', NULL),
(1022, 71, 10, '2024-04-27 15:58:30', '2024-04-27 15:58:30', NULL),
(1023, 71, 11, '2024-04-27 15:58:30', '2024-04-27 15:58:30', NULL),
(1024, 71, 12, '2024-04-27 15:58:30', '2024-04-27 15:58:30', NULL),
(1025, 72, 1, '2024-04-29 09:21:39', '2024-04-29 09:21:39', NULL),
(1026, 72, 2, '2024-04-29 09:21:39', '2024-04-29 09:21:39', NULL),
(1027, 72, 3, '2024-04-29 09:21:39', '2024-04-29 09:21:39', NULL),
(1028, 72, 4, '2024-04-29 09:21:39', '2024-04-29 09:21:39', NULL),
(1029, 72, 5, '2024-04-29 09:21:39', '2024-04-29 09:21:39', NULL),
(1030, 72, 6, '2024-04-29 09:21:39', '2024-04-29 09:21:39', NULL),
(1031, 72, 7, '2024-04-29 09:21:39', '2024-04-29 09:21:39', NULL),
(1032, 72, 8, '2024-04-29 09:21:39', '2024-04-29 09:21:39', NULL),
(1033, 72, 9, '2024-04-29 09:21:39', '2024-04-29 09:21:39', NULL),
(1034, 72, 10, '2024-04-29 09:21:39', '2024-04-29 09:21:39', NULL),
(1035, 72, 11, '2024-04-29 09:21:39', '2024-04-29 09:21:39', NULL),
(1036, 72, 12, '2024-04-29 09:21:39', '2024-04-29 09:21:39', NULL),
(1037, 72, 13, '2024-04-29 09:21:39', '2024-04-29 09:21:39', NULL),
(1038, 72, 14, '2024-04-29 09:21:39', '2024-04-29 09:21:39', NULL),
(1039, 72, 15, '2024-04-29 09:21:39', '2024-04-29 09:21:39', NULL),
(1040, 72, 16, '2024-04-29 09:21:39', '2024-04-29 09:21:39', NULL),
(1041, 73, 1, '2024-04-29 09:21:39', '2024-04-29 09:21:39', NULL),
(1042, 73, 2, '2024-04-29 09:21:39', '2024-04-29 09:21:39', NULL),
(1043, 73, 3, '2024-04-29 09:21:39', '2024-04-29 09:21:39', NULL),
(1044, 73, 4, '2024-04-29 09:21:39', '2024-04-29 09:21:39', NULL),
(1045, 73, 5, '2024-04-29 09:21:39', '2024-04-29 09:21:39', NULL),
(1046, 73, 6, '2024-04-29 09:21:39', '2024-04-29 09:21:39', NULL),
(1047, 73, 7, '2024-04-29 09:21:39', '2024-04-29 09:21:39', NULL),
(1048, 73, 8, '2024-04-29 09:21:39', '2024-04-29 09:21:39', NULL),
(1049, 73, 9, '2024-04-29 09:21:39', '2024-04-29 09:21:39', NULL),
(1050, 73, 10, '2024-04-29 09:21:39', '2024-04-29 09:21:39', NULL),
(1051, 73, 11, '2024-04-29 09:21:39', '2024-04-29 09:21:39', NULL),
(1052, 73, 12, '2024-04-29 09:21:39', '2024-04-29 09:21:39', NULL),
(1053, 73, 13, '2024-04-29 09:21:39', '2024-04-29 09:21:39', NULL),
(1054, 73, 14, '2024-04-29 09:21:39', '2024-04-29 09:21:39', NULL),
(1055, 73, 15, '2024-04-29 09:21:39', '2024-04-29 09:21:39', NULL),
(1056, 73, 16, '2024-04-29 09:21:39', '2024-04-29 09:21:39', NULL),
(1057, 74, 1, '2024-04-29 09:21:39', '2024-04-29 09:21:39', NULL),
(1058, 74, 2, '2024-04-29 09:21:39', '2024-04-29 09:21:39', NULL),
(1059, 74, 3, '2024-04-29 09:21:39', '2024-04-29 09:21:39', NULL),
(1060, 74, 4, '2024-04-29 09:21:39', '2024-04-29 09:21:39', NULL),
(1061, 74, 5, '2024-04-29 09:21:39', '2024-04-29 09:21:39', NULL),
(1062, 74, 6, '2024-04-29 09:21:39', '2024-04-29 09:21:39', NULL),
(1063, 74, 7, '2024-04-29 09:21:39', '2024-04-29 09:21:39', NULL),
(1064, 74, 8, '2024-04-29 09:21:39', '2024-04-29 09:21:39', NULL),
(1065, 74, 9, '2024-04-29 09:21:39', '2024-04-29 09:21:39', NULL),
(1066, 74, 10, '2024-04-29 09:21:39', '2024-04-29 09:21:39', NULL),
(1067, 74, 11, '2024-04-29 09:21:39', '2024-04-29 09:21:39', NULL),
(1068, 74, 12, '2024-04-29 09:21:39', '2024-04-29 09:21:39', NULL),
(1069, 74, 13, '2024-04-29 09:21:39', '2024-04-29 09:21:39', NULL),
(1070, 74, 14, '2024-04-29 09:21:39', '2024-04-29 09:21:39', NULL),
(1071, 74, 15, '2024-04-29 09:21:39', '2024-04-29 09:21:39', NULL),
(1072, 74, 16, '2024-04-29 09:21:39', '2024-04-29 09:21:39', NULL),
(1073, 75, 1, '2024-04-29 09:21:39', '2024-04-29 09:21:39', NULL),
(1074, 75, 2, '2024-04-29 09:21:39', '2024-04-29 09:21:39', NULL),
(1075, 75, 3, '2024-04-29 09:21:39', '2024-04-29 09:21:39', NULL),
(1076, 75, 4, '2024-04-29 09:21:39', '2024-04-29 09:21:39', NULL),
(1077, 75, 5, '2024-04-29 09:21:39', '2024-04-29 09:21:39', NULL),
(1078, 75, 6, '2024-04-29 09:21:39', '2024-04-29 09:21:39', NULL),
(1079, 75, 7, '2024-04-29 09:21:39', '2024-04-29 09:21:39', NULL),
(1080, 75, 8, '2024-04-29 09:21:39', '2024-04-29 09:21:39', NULL),
(1081, 75, 9, '2024-04-29 09:21:39', '2024-04-29 09:21:39', NULL),
(1082, 75, 10, '2024-04-29 09:21:39', '2024-04-29 09:21:39', NULL),
(1083, 75, 11, '2024-04-29 09:21:39', '2024-04-29 09:21:39', NULL),
(1084, 75, 12, '2024-04-29 09:21:39', '2024-04-29 09:21:39', NULL),
(1085, 75, 13, '2024-04-29 09:21:39', '2024-04-29 09:21:39', NULL),
(1086, 75, 14, '2024-04-29 09:21:39', '2024-04-29 09:21:39', NULL),
(1087, 75, 15, '2024-04-29 09:21:39', '2024-04-29 09:21:39', NULL),
(1088, 75, 16, '2024-04-29 09:21:39', '2024-04-29 09:21:39', NULL),
(1089, 76, 1, '2024-04-29 09:21:39', '2024-04-29 09:21:39', NULL),
(1090, 76, 2, '2024-04-29 09:21:39', '2024-04-29 09:21:39', NULL),
(1091, 76, 3, '2024-04-29 09:21:39', '2024-04-29 09:21:39', NULL),
(1092, 76, 4, '2024-04-29 09:21:39', '2024-04-29 09:21:39', NULL),
(1093, 76, 5, '2024-04-29 09:21:39', '2024-04-29 09:21:39', NULL),
(1094, 76, 6, '2024-04-29 09:21:39', '2024-04-29 09:21:39', NULL),
(1095, 76, 7, '2024-04-29 09:21:39', '2024-04-29 09:21:39', NULL),
(1096, 76, 8, '2024-04-29 09:21:39', '2024-04-29 09:21:39', NULL),
(1097, 76, 9, '2024-04-29 09:21:39', '2024-04-29 09:21:39', NULL),
(1098, 76, 10, '2024-04-29 09:21:39', '2024-04-29 09:21:39', NULL),
(1099, 76, 11, '2024-04-29 09:21:39', '2024-04-29 09:21:39', NULL),
(1100, 76, 12, '2024-04-29 09:21:39', '2024-04-29 09:21:39', NULL),
(1101, 76, 13, '2024-04-29 09:21:39', '2024-04-29 09:21:39', NULL),
(1102, 76, 14, '2024-04-29 09:21:39', '2024-04-29 09:21:39', NULL),
(1103, 76, 15, '2024-04-29 09:21:39', '2024-04-29 09:21:39', NULL),
(1104, 76, 16, '2024-04-29 09:21:39', '2024-04-29 09:21:39', NULL),
(1105, 77, 1, '2024-04-29 10:48:08', '2024-04-29 10:48:08', NULL),
(1106, 77, 2, '2024-04-29 10:48:08', '2024-04-29 10:48:08', NULL),
(1107, 77, 3, '2024-04-29 10:48:08', '2024-04-29 10:48:08', NULL),
(1108, 77, 4, '2024-04-29 10:48:08', '2024-04-29 10:48:08', NULL),
(1109, 77, 5, '2024-04-29 10:48:08', '2024-04-29 10:48:08', NULL),
(1110, 77, 6, '2024-04-29 10:48:08', '2024-04-29 10:48:08', NULL),
(1111, 77, 7, '2024-04-29 10:48:08', '2024-04-29 10:48:08', NULL),
(1112, 77, 8, '2024-04-29 10:48:08', '2024-04-29 10:48:08', NULL),
(1113, 77, 9, '2024-04-29 10:48:08', '2024-04-29 10:48:08', NULL),
(1114, 77, 10, '2024-04-29 10:48:08', '2024-04-29 10:48:08', NULL),
(1115, 77, 11, '2024-04-29 10:48:08', '2024-04-29 10:48:08', NULL),
(1116, 77, 12, '2024-04-29 10:48:08', '2024-04-29 10:48:08', NULL),
(1117, 77, 13, '2024-04-29 10:48:08', '2024-04-29 10:48:08', NULL),
(1118, 77, 14, '2024-04-29 10:48:08', '2024-04-29 10:48:08', NULL),
(1119, 77, 15, '2024-04-29 10:48:08', '2024-04-29 10:48:08', NULL),
(1120, 77, 16, '2024-04-29 10:48:08', '2024-04-29 10:48:08', NULL),
(1121, 78, 1, '2024-04-29 10:48:08', '2024-04-29 10:48:08', NULL),
(1122, 78, 2, '2024-04-29 10:48:08', '2024-04-29 10:48:08', NULL),
(1123, 78, 3, '2024-04-29 10:48:08', '2024-04-29 10:48:08', NULL),
(1124, 78, 4, '2024-04-29 10:48:08', '2024-04-29 10:48:08', NULL),
(1125, 78, 5, '2024-04-29 10:48:08', '2024-04-29 10:48:08', NULL),
(1126, 78, 6, '2024-04-29 10:48:08', '2024-04-29 10:48:08', NULL),
(1127, 78, 7, '2024-04-29 10:48:08', '2024-04-29 10:48:08', NULL),
(1128, 78, 8, '2024-04-29 10:48:08', '2024-04-29 10:48:08', NULL),
(1129, 78, 9, '2024-04-29 10:48:08', '2024-04-29 10:48:08', NULL),
(1130, 78, 10, '2024-04-29 10:48:08', '2024-04-29 10:48:08', NULL),
(1131, 78, 11, '2024-04-29 10:48:08', '2024-04-29 10:48:08', NULL),
(1132, 78, 12, '2024-04-29 10:48:08', '2024-04-29 10:48:08', NULL),
(1133, 78, 13, '2024-04-29 10:48:08', '2024-04-29 10:48:08', NULL),
(1134, 78, 14, '2024-04-29 10:48:08', '2024-04-29 10:48:08', NULL),
(1135, 78, 15, '2024-04-29 10:48:08', '2024-04-29 10:48:08', NULL),
(1136, 78, 16, '2024-04-29 10:48:08', '2024-04-29 10:48:08', NULL),
(1137, 79, 1, '2024-04-29 10:48:08', '2024-04-29 10:48:08', NULL),
(1138, 79, 2, '2024-04-29 10:48:08', '2024-04-29 10:48:08', NULL),
(1139, 79, 3, '2024-04-29 10:48:08', '2024-04-29 10:48:08', NULL),
(1140, 79, 4, '2024-04-29 10:48:08', '2024-04-29 10:48:08', NULL),
(1141, 79, 5, '2024-04-29 10:48:08', '2024-04-29 10:48:08', NULL),
(1142, 79, 6, '2024-04-29 10:48:08', '2024-04-29 10:48:08', NULL),
(1143, 79, 7, '2024-04-29 10:48:08', '2024-04-29 10:48:08', NULL),
(1144, 79, 8, '2024-04-29 10:48:08', '2024-04-29 10:48:08', NULL),
(1145, 79, 9, '2024-04-29 10:48:08', '2024-04-29 10:48:08', NULL),
(1146, 79, 10, '2024-04-29 10:48:08', '2024-04-29 10:48:08', NULL),
(1147, 79, 11, '2024-04-29 10:48:08', '2024-04-29 10:48:08', NULL),
(1148, 79, 12, '2024-04-29 10:48:08', '2024-04-29 10:48:08', NULL),
(1149, 79, 13, '2024-04-29 10:48:08', '2024-04-29 10:48:08', NULL),
(1150, 79, 14, '2024-04-29 10:48:08', '2024-04-29 10:48:08', NULL),
(1151, 79, 15, '2024-04-29 10:48:08', '2024-04-29 10:48:08', NULL),
(1152, 79, 16, '2024-04-29 10:48:08', '2024-04-29 10:48:08', NULL),
(1153, 80, 1, '2024-04-29 10:48:08', '2024-04-29 10:48:08', NULL),
(1154, 80, 2, '2024-04-29 10:48:08', '2024-04-29 10:48:08', NULL),
(1155, 80, 3, '2024-04-29 10:48:08', '2024-04-29 10:48:08', NULL),
(1156, 80, 4, '2024-04-29 10:48:08', '2024-04-29 10:48:08', NULL),
(1157, 80, 5, '2024-04-29 10:48:08', '2024-04-29 10:48:08', NULL),
(1158, 80, 6, '2024-04-29 10:48:08', '2024-04-29 10:48:08', NULL),
(1159, 80, 7, '2024-04-29 10:48:08', '2024-04-29 10:48:08', NULL),
(1160, 80, 8, '2024-04-29 10:48:08', '2024-04-29 10:48:08', NULL),
(1161, 80, 9, '2024-04-29 10:48:08', '2024-04-29 10:48:08', NULL),
(1162, 80, 10, '2024-04-29 10:48:08', '2024-04-29 10:48:08', NULL),
(1163, 80, 11, '2024-04-29 10:48:08', '2024-04-29 10:48:08', NULL),
(1164, 80, 12, '2024-04-29 10:48:08', '2024-04-29 10:48:08', NULL),
(1165, 80, 13, '2024-04-29 10:48:08', '2024-04-29 10:48:08', NULL),
(1166, 80, 14, '2024-04-29 10:48:08', '2024-04-29 10:48:08', NULL),
(1167, 80, 15, '2024-04-29 10:48:08', '2024-04-29 10:48:08', NULL),
(1168, 80, 16, '2024-04-29 10:48:08', '2024-04-29 10:48:08', NULL),
(1169, 81, 1, '2024-04-29 10:48:08', '2024-04-29 10:48:08', NULL),
(1170, 81, 2, '2024-04-29 10:48:08', '2024-04-29 10:48:08', NULL),
(1171, 81, 3, '2024-04-29 10:48:08', '2024-04-29 10:48:08', NULL),
(1172, 81, 4, '2024-04-29 10:48:08', '2024-04-29 10:48:08', NULL),
(1173, 81, 5, '2024-04-29 10:48:08', '2024-04-29 10:48:08', NULL),
(1174, 81, 6, '2024-04-29 10:48:08', '2024-04-29 10:48:08', NULL),
(1175, 81, 7, '2024-04-29 10:48:08', '2024-04-29 10:48:08', NULL),
(1176, 81, 8, '2024-04-29 10:48:08', '2024-04-29 10:48:08', NULL),
(1177, 81, 9, '2024-04-29 10:48:08', '2024-04-29 10:48:08', NULL),
(1178, 81, 10, '2024-04-29 10:48:08', '2024-04-29 10:48:08', NULL),
(1179, 81, 11, '2024-04-29 10:48:08', '2024-04-29 10:48:08', NULL),
(1180, 81, 12, '2024-04-29 10:48:08', '2024-04-29 10:48:08', NULL),
(1181, 81, 13, '2024-04-29 10:48:08', '2024-04-29 10:48:08', NULL),
(1182, 81, 14, '2024-04-29 10:48:08', '2024-04-29 10:48:08', NULL),
(1183, 81, 15, '2024-04-29 10:48:08', '2024-04-29 10:48:08', NULL),
(1184, 81, 16, '2024-04-29 10:48:08', '2024-04-29 10:48:08', NULL),
(1185, 82, 1, '2024-04-29 14:23:48', '2024-04-29 14:23:48', NULL),
(1186, 82, 2, '2024-04-29 14:23:48', '2024-04-29 14:23:48', NULL),
(1187, 82, 3, '2024-04-29 14:23:48', '2024-04-29 14:23:48', NULL),
(1188, 82, 4, '2024-04-29 14:23:48', '2024-04-29 14:23:48', NULL),
(1189, 82, 5, '2024-04-29 14:23:48', '2024-04-29 14:23:48', NULL),
(1190, 82, 6, '2024-04-29 14:23:48', '2024-04-29 14:23:48', NULL),
(1191, 82, 7, '2024-04-29 14:23:48', '2024-04-29 14:23:48', NULL),
(1192, 82, 8, '2024-04-29 14:23:48', '2024-04-29 14:23:48', NULL),
(1193, 82, 9, '2024-04-29 14:23:48', '2024-04-29 14:23:48', NULL),
(1194, 82, 10, '2024-04-29 14:23:48', '2024-04-29 14:23:48', NULL),
(1195, 82, 11, '2024-04-29 14:23:48', '2024-04-29 14:23:48', NULL),
(1196, 82, 12, '2024-04-29 14:23:48', '2024-04-29 14:23:48', NULL),
(1197, 82, 13, '2024-04-29 14:23:48', '2024-04-29 14:23:48', NULL),
(1198, 82, 14, '2024-04-29 14:23:48', '2024-04-29 14:23:48', NULL),
(1199, 82, 15, '2024-04-29 14:23:48', '2024-04-29 14:23:48', NULL),
(1200, 82, 16, '2024-04-29 14:23:48', '2024-04-29 14:23:48', NULL),
(1201, 82, 17, '2024-04-29 14:23:48', '2024-04-29 14:23:48', NULL),
(1202, 82, 18, '2024-04-29 14:23:48', '2024-04-29 14:23:48', NULL),
(1203, 82, 19, '2024-04-29 14:23:48', '2024-04-29 14:23:48', NULL),
(1204, 82, 20, '2024-04-29 14:23:48', '2024-04-29 14:23:48', NULL),
(1205, 83, 1, '2024-04-29 14:23:48', '2024-04-29 14:23:48', NULL),
(1206, 83, 2, '2024-04-29 14:23:48', '2024-04-29 14:23:48', NULL),
(1207, 83, 3, '2024-04-29 14:23:48', '2024-04-29 14:23:48', NULL),
(1208, 83, 4, '2024-04-29 14:23:48', '2024-04-29 14:23:48', NULL),
(1209, 83, 5, '2024-04-29 14:23:48', '2024-04-29 14:23:48', NULL),
(1210, 83, 6, '2024-04-29 14:23:48', '2024-04-29 14:23:48', NULL),
(1211, 83, 7, '2024-04-29 14:23:48', '2024-04-29 14:23:48', NULL),
(1212, 83, 8, '2024-04-29 14:23:48', '2024-04-29 14:23:48', NULL),
(1213, 83, 9, '2024-04-29 14:23:48', '2024-04-29 14:23:48', NULL),
(1214, 83, 10, '2024-04-29 14:23:48', '2024-04-29 14:23:48', NULL),
(1215, 83, 11, '2024-04-29 14:23:48', '2024-04-29 14:23:48', NULL),
(1216, 83, 12, '2024-04-29 14:23:48', '2024-04-29 14:23:48', NULL),
(1217, 83, 13, '2024-04-29 14:23:48', '2024-04-29 14:23:48', NULL),
(1218, 83, 14, '2024-04-29 14:23:48', '2024-04-29 14:23:48', NULL),
(1219, 83, 15, '2024-04-29 14:23:48', '2024-04-29 14:23:48', NULL),
(1220, 83, 16, '2024-04-29 14:23:48', '2024-04-29 14:23:48', NULL),
(1221, 84, 1, '2024-04-29 14:23:48', '2024-04-29 14:23:48', NULL),
(1222, 84, 2, '2024-04-29 14:23:48', '2024-04-29 14:23:48', NULL),
(1223, 84, 3, '2024-04-29 14:23:48', '2024-04-29 14:23:48', NULL),
(1224, 84, 4, '2024-04-29 14:23:48', '2024-04-29 14:23:48', NULL),
(1225, 84, 5, '2024-04-29 14:23:48', '2024-04-29 14:23:48', NULL),
(1226, 84, 6, '2024-04-29 14:23:48', '2024-04-29 14:23:48', NULL),
(1227, 84, 7, '2024-04-29 14:23:48', '2024-04-29 14:23:48', NULL),
(1228, 84, 8, '2024-04-29 14:23:48', '2024-04-29 14:23:48', NULL),
(1229, 84, 9, '2024-04-29 14:23:48', '2024-04-29 14:23:48', NULL),
(1230, 84, 10, '2024-04-29 14:23:48', '2024-04-29 14:23:48', NULL),
(1231, 84, 11, '2024-04-29 14:23:48', '2024-04-29 14:23:48', NULL),
(1232, 84, 12, '2024-04-29 14:23:48', '2024-04-29 14:23:48', NULL),
(1233, 84, 13, '2024-04-29 14:23:48', '2024-04-29 14:23:48', NULL),
(1234, 84, 14, '2024-04-29 14:23:48', '2024-04-29 14:23:48', NULL),
(1235, 84, 15, '2024-04-29 14:23:48', '2024-04-29 14:23:48', NULL),
(1236, 84, 16, '2024-04-29 14:23:48', '2024-04-29 14:23:48', NULL),
(1237, 85, 1, '2024-04-29 14:23:48', '2024-04-29 14:23:48', NULL),
(1238, 85, 2, '2024-04-29 14:23:48', '2024-04-29 14:23:48', NULL),
(1239, 85, 3, '2024-04-29 14:23:48', '2024-04-29 14:23:48', NULL),
(1240, 85, 4, '2024-04-29 14:23:48', '2024-04-29 14:23:48', NULL),
(1241, 85, 5, '2024-04-29 14:23:48', '2024-04-29 14:23:48', NULL),
(1242, 85, 6, '2024-04-29 14:23:48', '2024-04-29 14:23:48', NULL),
(1243, 85, 7, '2024-04-29 14:23:48', '2024-04-29 14:23:48', NULL),
(1244, 85, 8, '2024-04-29 14:23:48', '2024-04-29 14:23:48', NULL),
(1245, 85, 9, '2024-04-29 14:23:48', '2024-04-29 14:23:48', NULL),
(1246, 85, 10, '2024-04-29 14:23:48', '2024-04-29 14:23:48', NULL),
(1247, 85, 11, '2024-04-29 14:23:48', '2024-04-29 14:23:48', NULL),
(1248, 85, 12, '2024-04-29 14:23:48', '2024-04-29 14:23:48', NULL),
(1249, 85, 13, '2024-04-29 14:23:48', '2024-04-29 14:23:48', NULL),
(1250, 85, 14, '2024-04-29 14:23:48', '2024-04-29 14:23:48', NULL),
(1251, 85, 15, '2024-04-29 14:23:48', '2024-04-29 14:23:48', NULL),
(1252, 85, 16, '2024-04-29 14:23:48', '2024-04-29 14:23:48', NULL),
(1253, 86, 1, '2024-04-29 14:23:48', '2024-04-29 14:23:48', NULL),
(1254, 86, 2, '2024-04-29 14:23:48', '2024-04-29 14:23:48', NULL),
(1255, 86, 3, '2024-04-29 14:23:48', '2024-04-29 14:23:48', NULL),
(1256, 86, 4, '2024-04-29 14:23:48', '2024-04-29 14:23:48', NULL),
(1257, 86, 5, '2024-04-29 14:23:48', '2024-04-29 14:23:48', NULL),
(1258, 86, 6, '2024-04-29 14:23:48', '2024-04-29 14:23:48', NULL),
(1259, 86, 7, '2024-04-29 14:23:48', '2024-04-29 14:23:48', NULL),
(1260, 86, 8, '2024-04-29 14:23:48', '2024-04-29 14:23:48', NULL),
(1261, 86, 9, '2024-04-29 14:23:48', '2024-04-29 14:23:48', NULL),
(1262, 86, 10, '2024-04-29 14:23:48', '2024-04-29 14:23:48', NULL),
(1263, 86, 11, '2024-04-29 14:23:48', '2024-04-29 14:23:48', NULL),
(1264, 86, 12, '2024-04-29 14:23:48', '2024-04-29 14:23:48', NULL),
(1265, 86, 13, '2024-04-29 14:23:48', '2024-04-29 14:23:48', NULL),
(1266, 86, 14, '2024-04-29 14:23:48', '2024-04-29 14:23:48', NULL),
(1267, 86, 15, '2024-04-29 14:23:48', '2024-04-29 14:23:48', NULL),
(1268, 86, 16, '2024-04-29 14:23:48', '2024-04-29 14:23:48', NULL),
(1269, 87, 5, '2024-04-29 15:12:20', '2024-04-29 15:12:20', NULL),
(1270, 87, 6, '2024-04-29 15:12:20', '2024-04-29 15:12:20', NULL),
(1271, 87, 7, '2024-04-29 15:12:20', '2024-04-29 15:12:20', NULL),
(1272, 87, 8, '2024-04-29 15:12:20', '2024-04-29 15:12:20', NULL),
(1273, 87, 9, '2024-04-29 15:12:20', '2024-04-29 15:12:20', NULL),
(1274, 87, 10, '2024-04-29 15:12:20', '2024-04-29 15:12:20', NULL),
(1275, 87, 11, '2024-04-29 15:12:20', '2024-04-29 15:12:20', NULL),
(1276, 87, 12, '2024-04-29 15:12:20', '2024-04-29 15:12:20', NULL),
(1277, 87, 13, '2024-04-29 15:12:20', '2024-04-29 15:12:20', NULL),
(1278, 87, 14, '2024-04-29 15:12:20', '2024-04-29 15:12:20', NULL),
(1279, 87, 15, '2024-04-29 15:12:20', '2024-04-29 15:12:20', NULL),
(1280, 87, 16, '2024-04-29 15:12:20', '2024-04-29 15:12:20', NULL),
(1281, 87, 17, '2024-04-29 15:12:20', '2024-04-29 15:12:20', NULL),
(1282, 87, 18, '2024-04-29 15:12:20', '2024-04-29 15:12:20', NULL),
(1283, 87, 19, '2024-04-29 15:12:20', '2024-04-29 15:12:20', NULL),
(1284, 87, 20, '2024-04-29 15:12:20', '2024-04-29 15:12:20', NULL),
(1285, 87, 21, '2024-04-29 15:12:20', '2024-04-29 15:12:20', NULL),
(1286, 87, 22, '2024-04-29 15:12:20', '2024-04-29 15:12:20', NULL),
(1287, 87, 23, '2024-04-29 15:12:20', '2024-04-29 15:12:20', NULL),
(1288, 87, 24, '2024-04-29 15:12:20', '2024-04-29 15:12:20', NULL),
(1289, 87, 25, '2024-04-29 15:12:20', '2024-04-29 15:12:20', NULL),
(1290, 87, 26, '2024-04-29 15:12:20', '2024-04-29 15:12:20', NULL),
(1291, 87, 27, '2024-04-29 15:12:20', '2024-04-29 15:12:20', NULL),
(1292, 87, 28, '2024-04-29 15:12:20', '2024-04-29 15:12:20', NULL),
(1293, 87, 33, '2024-04-29 15:12:20', '2024-04-29 15:12:20', NULL),
(1294, 87, 34, '2024-04-29 15:12:20', '2024-04-29 15:12:20', NULL),
(1295, 87, 35, '2024-04-29 15:12:20', '2024-04-29 15:12:20', NULL),
(1296, 87, 36, '2024-04-29 15:12:20', '2024-04-29 15:12:20', NULL),
(1297, 87, 37, '2024-04-29 15:12:20', '2024-04-29 15:12:20', NULL),
(1298, 87, 38, '2024-04-29 15:12:20', '2024-04-29 15:12:20', NULL),
(1299, 87, 39, '2024-04-29 15:12:20', '2024-04-29 15:12:20', NULL),
(1300, 87, 40, '2024-04-29 15:12:20', '2024-04-29 15:12:20', NULL),
(1301, 88, 1, '2024-05-06 13:19:27', '2024-05-06 13:19:27', NULL),
(1302, 88, 2, '2024-05-06 13:19:27', '2024-05-06 13:19:27', NULL),
(1303, 88, 3, '2024-05-06 13:19:27', '2024-05-06 13:19:27', NULL),
(1304, 88, 4, '2024-05-06 13:19:27', '2024-05-06 13:19:27', NULL),
(1305, 88, 5, '2024-05-06 13:19:27', '2024-05-06 13:19:27', NULL),
(1306, 88, 6, '2024-05-06 13:19:27', '2024-05-06 13:19:27', NULL),
(1307, 88, 7, '2024-05-06 13:19:27', '2024-05-06 13:19:27', NULL),
(1308, 88, 8, '2024-05-06 13:19:27', '2024-05-06 13:19:27', NULL),
(1309, 88, 9, '2024-05-06 13:19:27', '2024-05-06 13:19:27', NULL),
(1310, 88, 10, '2024-05-06 13:19:27', '2024-05-06 13:19:27', NULL),
(1311, 88, 11, '2024-05-06 13:19:27', '2024-05-06 13:19:27', NULL),
(1312, 88, 12, '2024-05-06 13:19:27', '2024-05-06 13:19:27', NULL),
(1313, 88, 13, '2024-05-06 13:19:27', '2024-05-06 13:19:27', NULL),
(1314, 88, 14, '2024-05-06 13:19:27', '2024-05-06 13:19:27', NULL),
(1315, 88, 15, '2024-05-06 13:19:27', '2024-05-06 13:19:27', NULL),
(1316, 88, 16, '2024-05-06 13:19:27', '2024-05-06 13:19:27', NULL),
(1317, 89, 1, '2024-05-06 13:19:27', '2024-05-06 13:19:27', NULL),
(1318, 89, 2, '2024-05-06 13:19:27', '2024-05-06 13:19:27', NULL),
(1319, 89, 3, '2024-05-06 13:19:27', '2024-05-06 13:19:27', NULL),
(1320, 89, 4, '2024-05-06 13:19:27', '2024-05-06 13:19:27', NULL),
(1321, 89, 5, '2024-05-06 13:19:27', '2024-05-06 13:19:27', NULL),
(1322, 89, 6, '2024-05-06 13:19:27', '2024-05-06 13:19:27', NULL),
(1323, 89, 7, '2024-05-06 13:19:27', '2024-05-06 13:19:27', NULL),
(1324, 89, 8, '2024-05-06 13:19:27', '2024-05-06 13:19:27', NULL),
(1325, 89, 9, '2024-05-06 13:19:27', '2024-05-06 13:19:27', NULL),
(1326, 89, 10, '2024-05-06 13:19:27', '2024-05-06 13:19:27', NULL),
(1327, 89, 11, '2024-05-06 13:19:27', '2024-05-06 13:19:27', NULL),
(1328, 89, 12, '2024-05-06 13:19:27', '2024-05-06 13:19:27', NULL),
(1329, 89, 13, '2024-05-06 13:19:27', '2024-05-06 13:19:27', NULL),
(1330, 89, 14, '2024-05-06 13:19:27', '2024-05-06 13:19:27', NULL),
(1331, 89, 15, '2024-05-06 13:19:27', '2024-05-06 13:19:27', NULL),
(1332, 89, 16, '2024-05-06 13:19:27', '2024-05-06 13:19:27', NULL),
(1333, 90, 1, '2024-05-06 13:19:27', '2024-05-06 13:19:27', NULL),
(1334, 90, 2, '2024-05-06 13:19:27', '2024-05-06 13:19:27', NULL),
(1335, 90, 3, '2024-05-06 13:19:27', '2024-05-06 13:19:27', NULL),
(1336, 90, 4, '2024-05-06 13:19:27', '2024-05-06 13:19:27', NULL),
(1337, 90, 5, '2024-05-06 13:19:27', '2024-05-06 13:19:27', NULL),
(1338, 90, 6, '2024-05-06 13:19:27', '2024-05-06 13:19:27', NULL),
(1339, 90, 7, '2024-05-06 13:19:27', '2024-05-06 13:19:27', NULL),
(1340, 90, 8, '2024-05-06 13:19:27', '2024-05-06 13:19:27', NULL),
(1341, 90, 9, '2024-05-06 13:19:27', '2024-05-06 13:19:27', NULL),
(1342, 90, 10, '2024-05-06 13:19:27', '2024-05-06 13:19:27', NULL),
(1343, 90, 11, '2024-05-06 13:19:27', '2024-05-06 13:19:27', NULL),
(1344, 90, 12, '2024-05-06 13:19:27', '2024-05-06 13:19:27', NULL),
(1345, 90, 13, '2024-05-06 13:19:27', '2024-05-06 13:19:27', NULL),
(1346, 90, 14, '2024-05-06 13:19:27', '2024-05-06 13:19:27', NULL),
(1347, 90, 15, '2024-05-06 13:19:27', '2024-05-06 13:19:27', NULL),
(1348, 90, 16, '2024-05-06 13:19:27', '2024-05-06 13:19:27', NULL),
(1349, 91, 1, '2024-05-06 13:19:27', '2024-05-06 13:19:27', NULL),
(1350, 91, 2, '2024-05-06 13:19:27', '2024-05-06 13:19:27', NULL),
(1351, 91, 3, '2024-05-06 13:19:27', '2024-05-06 13:19:27', NULL),
(1352, 91, 4, '2024-05-06 13:19:27', '2024-05-06 13:19:27', NULL),
(1353, 91, 5, '2024-05-06 13:19:27', '2024-05-06 13:19:27', NULL),
(1354, 91, 6, '2024-05-06 13:19:27', '2024-05-06 13:19:27', NULL),
(1355, 91, 7, '2024-05-06 13:19:27', '2024-05-06 13:19:27', NULL),
(1356, 91, 8, '2024-05-06 13:19:27', '2024-05-06 13:19:27', NULL),
(1357, 91, 9, '2024-05-06 13:19:27', '2024-05-06 13:19:27', NULL),
(1358, 91, 10, '2024-05-06 13:19:27', '2024-05-06 13:19:27', NULL),
(1359, 91, 11, '2024-05-06 13:19:27', '2024-05-06 13:19:27', NULL),
(1360, 91, 12, '2024-05-06 13:19:27', '2024-05-06 13:19:27', NULL),
(1361, 91, 13, '2024-05-06 13:19:27', '2024-05-06 13:19:27', NULL),
(1362, 91, 14, '2024-05-06 13:19:27', '2024-05-06 13:19:27', NULL),
(1363, 91, 15, '2024-05-06 13:19:27', '2024-05-06 13:19:27', NULL),
(1364, 91, 16, '2024-05-06 13:19:27', '2024-05-06 13:19:27', NULL),
(1365, 92, 1, '2024-05-06 13:19:27', '2024-05-06 13:19:27', NULL),
(1366, 92, 2, '2024-05-06 13:19:27', '2024-05-06 13:19:27', NULL),
(1367, 92, 3, '2024-05-06 13:19:27', '2024-05-06 13:19:27', NULL),
(1368, 92, 4, '2024-05-06 13:19:27', '2024-05-06 13:19:27', NULL),
(1369, 92, 5, '2024-05-06 13:19:27', '2024-05-06 13:19:27', NULL),
(1370, 92, 6, '2024-05-06 13:19:27', '2024-05-06 13:19:27', NULL);
INSERT INTO `doctor_schedule_joins` (`id`, `doctor_schedule_day_id`, `doctor_schedule_hour_id`, `created_at`, `updated_at`, `deleted_at`) VALUES
(1371, 92, 7, '2024-05-06 13:19:27', '2024-05-06 13:19:27', NULL),
(1372, 92, 8, '2024-05-06 13:19:27', '2024-05-06 13:19:27', NULL),
(1373, 92, 9, '2024-05-06 13:19:27', '2024-05-06 13:19:27', NULL),
(1374, 92, 10, '2024-05-06 13:19:27', '2024-05-06 13:19:27', NULL),
(1375, 92, 11, '2024-05-06 13:19:27', '2024-05-06 13:19:27', NULL),
(1376, 92, 12, '2024-05-06 13:19:27', '2024-05-06 13:19:27', NULL),
(1377, 92, 13, '2024-05-06 13:19:27', '2024-05-06 13:19:27', NULL),
(1378, 92, 14, '2024-05-06 13:19:27', '2024-05-06 13:19:27', NULL),
(1379, 92, 15, '2024-05-06 13:19:27', '2024-05-06 13:19:27', NULL),
(1380, 92, 16, '2024-05-06 13:19:27', '2024-05-06 13:19:27', NULL),
(1381, 93, 1, '2024-05-07 12:06:43', '2024-05-07 12:06:43', NULL),
(1382, 93, 2, '2024-05-07 12:06:43', '2024-05-07 12:06:43', NULL),
(1383, 93, 3, '2024-05-07 12:06:43', '2024-05-07 12:06:43', NULL),
(1384, 93, 4, '2024-05-07 12:06:43', '2024-05-07 12:06:43', NULL),
(1385, 93, 5, '2024-05-07 12:06:43', '2024-05-07 12:06:43', NULL),
(1386, 93, 6, '2024-05-07 12:06:43', '2024-05-07 12:06:43', NULL),
(1387, 93, 7, '2024-05-07 12:06:43', '2024-05-07 12:06:43', NULL),
(1388, 93, 8, '2024-05-07 12:06:43', '2024-05-07 12:06:43', NULL),
(1389, 93, 9, '2024-05-07 12:06:43', '2024-05-07 12:06:43', NULL),
(1390, 93, 10, '2024-05-07 12:06:43', '2024-05-07 12:06:43', NULL),
(1391, 93, 11, '2024-05-07 12:06:43', '2024-05-07 12:06:43', NULL),
(1392, 93, 12, '2024-05-07 12:06:43', '2024-05-07 12:06:43', NULL),
(1393, 93, 13, '2024-05-07 12:06:43', '2024-05-07 12:06:43', NULL),
(1394, 93, 14, '2024-05-07 12:06:43', '2024-05-07 12:06:43', NULL),
(1395, 93, 15, '2024-05-07 12:06:43', '2024-05-07 12:06:43', NULL),
(1396, 93, 16, '2024-05-07 12:06:43', '2024-05-07 12:06:43', NULL),
(1397, 94, 1, '2024-05-07 12:06:43', '2024-05-07 12:06:43', NULL),
(1398, 94, 2, '2024-05-07 12:06:43', '2024-05-07 12:06:43', NULL),
(1399, 94, 3, '2024-05-07 12:06:43', '2024-05-07 12:06:43', NULL),
(1400, 94, 4, '2024-05-07 12:06:43', '2024-05-07 12:06:43', NULL),
(1401, 94, 5, '2024-05-07 12:06:43', '2024-05-07 12:06:43', NULL),
(1402, 94, 6, '2024-05-07 12:06:43', '2024-05-07 12:06:43', NULL),
(1403, 94, 7, '2024-05-07 12:06:43', '2024-05-07 12:06:43', NULL),
(1404, 94, 8, '2024-05-07 12:06:43', '2024-05-07 12:06:43', NULL),
(1405, 94, 9, '2024-05-07 12:06:43', '2024-05-07 12:06:43', NULL),
(1406, 94, 10, '2024-05-07 12:06:43', '2024-05-07 12:06:43', NULL),
(1407, 94, 11, '2024-05-07 12:06:43', '2024-05-07 12:06:43', NULL),
(1408, 94, 12, '2024-05-07 12:06:43', '2024-05-07 12:06:43', NULL),
(1409, 94, 13, '2024-05-07 12:06:43', '2024-05-07 12:06:43', NULL),
(1410, 94, 14, '2024-05-07 12:06:43', '2024-05-07 12:06:43', NULL),
(1411, 94, 15, '2024-05-07 12:06:43', '2024-05-07 12:06:43', NULL),
(1412, 94, 16, '2024-05-07 12:06:43', '2024-05-07 12:06:43', NULL),
(1413, 95, 1, '2024-05-07 12:06:43', '2024-05-07 12:06:43', NULL),
(1414, 95, 2, '2024-05-07 12:06:43', '2024-05-07 12:06:43', NULL),
(1415, 95, 3, '2024-05-07 12:06:43', '2024-05-07 12:06:43', NULL),
(1416, 95, 4, '2024-05-07 12:06:43', '2024-05-07 12:06:43', NULL),
(1417, 95, 5, '2024-05-07 12:06:43', '2024-05-07 12:06:43', NULL),
(1418, 95, 6, '2024-05-07 12:06:43', '2024-05-07 12:06:43', NULL),
(1419, 95, 7, '2024-05-07 12:06:43', '2024-05-07 12:06:43', NULL),
(1420, 95, 8, '2024-05-07 12:06:43', '2024-05-07 12:06:43', NULL),
(1421, 95, 9, '2024-05-07 12:06:43', '2024-05-07 12:06:43', NULL),
(1422, 95, 10, '2024-05-07 12:06:43', '2024-05-07 12:06:43', NULL),
(1423, 95, 11, '2024-05-07 12:06:43', '2024-05-07 12:06:43', NULL),
(1424, 95, 12, '2024-05-07 12:06:43', '2024-05-07 12:06:43', NULL),
(1425, 95, 13, '2024-05-07 12:06:43', '2024-05-07 12:06:43', NULL),
(1426, 95, 14, '2024-05-07 12:06:43', '2024-05-07 12:06:43', NULL),
(1427, 95, 15, '2024-05-07 12:06:43', '2024-05-07 12:06:43', NULL),
(1428, 95, 16, '2024-05-07 12:06:43', '2024-05-07 12:06:43', NULL),
(1429, 96, 1, '2024-05-07 12:06:43', '2024-05-07 12:06:43', NULL),
(1430, 96, 2, '2024-05-07 12:06:43', '2024-05-07 12:06:43', NULL),
(1431, 96, 3, '2024-05-07 12:06:43', '2024-05-07 12:06:43', NULL),
(1432, 96, 4, '2024-05-07 12:06:43', '2024-05-07 12:06:43', NULL),
(1433, 96, 5, '2024-05-07 12:06:43', '2024-05-07 12:06:43', NULL),
(1434, 96, 6, '2024-05-07 12:06:43', '2024-05-07 12:06:43', NULL),
(1435, 96, 7, '2024-05-07 12:06:43', '2024-05-07 12:06:43', NULL),
(1436, 96, 8, '2024-05-07 12:06:43', '2024-05-07 12:06:43', NULL),
(1437, 96, 9, '2024-05-07 12:06:43', '2024-05-07 12:06:43', NULL),
(1438, 96, 10, '2024-05-07 12:06:43', '2024-05-07 12:06:43', NULL),
(1439, 96, 11, '2024-05-07 12:06:43', '2024-05-07 12:06:43', NULL),
(1440, 96, 12, '2024-05-07 12:06:43', '2024-05-07 12:06:43', NULL),
(1441, 96, 13, '2024-05-07 12:06:43', '2024-05-07 12:06:43', NULL),
(1442, 96, 14, '2024-05-07 12:06:43', '2024-05-07 12:06:43', NULL),
(1443, 96, 15, '2024-05-07 12:06:43', '2024-05-07 12:06:43', NULL),
(1444, 96, 16, '2024-05-07 12:06:43', '2024-05-07 12:06:43', NULL),
(1445, 97, 1, '2024-05-07 12:06:43', '2024-05-07 12:06:43', NULL),
(1446, 97, 2, '2024-05-07 12:06:43', '2024-05-07 12:06:43', NULL),
(1447, 97, 3, '2024-05-07 12:06:43', '2024-05-07 12:06:43', NULL),
(1448, 97, 4, '2024-05-07 12:06:43', '2024-05-07 12:06:43', NULL),
(1449, 97, 5, '2024-05-07 12:06:43', '2024-05-07 12:06:43', NULL),
(1450, 97, 6, '2024-05-07 12:06:43', '2024-05-07 12:06:43', NULL),
(1451, 97, 7, '2024-05-07 12:06:43', '2024-05-07 12:06:43', NULL),
(1452, 97, 8, '2024-05-07 12:06:43', '2024-05-07 12:06:43', NULL),
(1453, 97, 9, '2024-05-07 12:06:43', '2024-05-07 12:06:43', NULL),
(1454, 97, 10, '2024-05-07 12:06:43', '2024-05-07 12:06:43', NULL),
(1455, 97, 11, '2024-05-07 12:06:43', '2024-05-07 12:06:43', NULL),
(1456, 97, 12, '2024-05-07 12:06:43', '2024-05-07 12:06:43', NULL),
(1457, 97, 13, '2024-05-07 12:06:43', '2024-05-07 12:06:43', NULL),
(1458, 97, 14, '2024-05-07 12:06:43', '2024-05-07 12:06:43', NULL),
(1459, 97, 15, '2024-05-07 12:06:43', '2024-05-07 12:06:43', NULL),
(1460, 97, 16, '2024-05-07 12:06:43', '2024-05-07 12:06:43', NULL),
(1461, 57, 5, '2024-05-07 15:47:49', '2024-05-07 15:47:49', NULL),
(1462, 57, 6, '2024-05-07 15:47:49', '2024-05-07 15:47:49', NULL),
(1463, 57, 7, '2024-05-07 15:47:49', '2024-05-07 15:47:49', NULL),
(1464, 57, 8, '2024-05-07 15:47:49', '2024-05-07 15:47:49', NULL),
(1465, 57, 17, '2024-05-07 15:47:49', '2024-05-07 15:47:49', NULL),
(1466, 57, 18, '2024-05-07 15:47:49', '2024-05-07 15:47:49', NULL),
(1467, 57, 19, '2024-05-07 15:47:49', '2024-05-07 15:47:49', NULL),
(1468, 57, 20, '2024-05-07 15:47:49', '2024-05-07 15:47:49', NULL),
(1469, 57, 21, '2024-05-07 15:47:49', '2024-05-07 15:47:49', NULL),
(1470, 57, 22, '2024-05-07 15:47:49', '2024-05-07 15:47:49', NULL),
(1471, 57, 23, '2024-05-07 15:47:49', '2024-05-07 15:47:49', NULL),
(1472, 57, 24, '2024-05-07 15:47:49', '2024-05-07 15:47:49', NULL),
(1473, 57, 25, '2024-05-07 15:47:49', '2024-05-07 15:47:49', NULL),
(1474, 57, 26, '2024-05-07 15:47:49', '2024-05-07 15:47:49', NULL),
(1475, 57, 27, '2024-05-07 15:47:49', '2024-05-07 15:47:49', NULL),
(1476, 57, 28, '2024-05-07 15:47:49', '2024-05-07 15:47:49', NULL),
(1477, 57, 29, '2024-05-07 15:47:49', '2024-05-07 15:47:49', NULL),
(1478, 57, 30, '2024-05-07 15:47:49', '2024-05-07 15:47:49', NULL),
(1479, 57, 31, '2024-05-07 15:47:49', '2024-05-07 15:47:49', NULL),
(1480, 57, 32, '2024-05-07 15:47:49', '2024-05-07 15:47:49', NULL),
(1481, 57, 33, '2024-05-07 15:47:49', '2024-05-07 15:47:49', NULL),
(1482, 57, 34, '2024-05-07 15:47:49', '2024-05-07 15:47:49', NULL),
(1483, 57, 35, '2024-05-07 15:47:49', '2024-05-07 15:47:49', NULL),
(1484, 57, 36, '2024-05-07 15:47:49', '2024-05-07 15:47:49', NULL),
(1485, 57, 37, '2024-05-07 15:47:49', '2024-05-07 15:47:49', NULL),
(1486, 57, 38, '2024-05-07 15:47:49', '2024-05-07 15:47:49', NULL),
(1487, 57, 39, '2024-05-07 15:47:49', '2024-05-07 15:47:49', NULL),
(1488, 57, 40, '2024-05-07 15:47:49', '2024-05-07 15:47:49', NULL),
(1489, 58, 17, '2024-05-07 15:47:49', '2024-05-07 15:47:49', NULL),
(1490, 58, 18, '2024-05-07 15:47:49', '2024-05-07 15:47:49', NULL),
(1491, 58, 19, '2024-05-07 15:47:49', '2024-05-07 15:47:49', NULL),
(1492, 58, 20, '2024-05-07 15:47:49', '2024-05-07 15:47:49', NULL),
(1493, 58, 21, '2024-05-07 15:47:49', '2024-05-07 15:47:49', NULL),
(1494, 58, 22, '2024-05-07 15:47:49', '2024-05-07 15:47:49', NULL),
(1495, 58, 23, '2024-05-07 15:47:49', '2024-05-07 15:47:49', NULL),
(1496, 58, 24, '2024-05-07 15:47:49', '2024-05-07 15:47:49', NULL),
(1497, 58, 25, '2024-05-07 15:47:49', '2024-05-07 15:47:49', NULL),
(1498, 58, 26, '2024-05-07 15:47:49', '2024-05-07 15:47:49', NULL),
(1499, 58, 27, '2024-05-07 15:47:49', '2024-05-07 15:47:49', NULL),
(1500, 58, 28, '2024-05-07 15:47:49', '2024-05-07 15:47:49', NULL),
(1501, 58, 29, '2024-05-07 15:47:49', '2024-05-07 15:47:49', NULL),
(1502, 58, 30, '2024-05-07 15:47:49', '2024-05-07 15:47:49', NULL),
(1503, 58, 31, '2024-05-07 15:47:49', '2024-05-07 15:47:49', NULL),
(1504, 58, 32, '2024-05-07 15:47:49', '2024-05-07 15:47:49', NULL),
(1505, 58, 33, '2024-05-07 15:47:49', '2024-05-07 15:47:49', NULL),
(1506, 58, 34, '2024-05-07 15:47:49', '2024-05-07 15:47:49', NULL),
(1507, 58, 35, '2024-05-07 15:47:49', '2024-05-07 15:47:49', NULL),
(1508, 58, 36, '2024-05-07 15:47:49', '2024-05-07 15:47:49', NULL),
(1509, 58, 37, '2024-05-07 15:47:49', '2024-05-07 15:47:49', NULL),
(1510, 58, 38, '2024-05-07 15:47:49', '2024-05-07 15:47:49', NULL),
(1511, 58, 39, '2024-05-07 15:47:49', '2024-05-07 15:47:49', NULL),
(1512, 58, 40, '2024-05-07 15:47:49', '2024-05-07 15:47:49', NULL),
(1513, 59, 17, '2024-05-07 15:47:49', '2024-05-07 15:47:49', NULL),
(1514, 59, 18, '2024-05-07 15:47:49', '2024-05-07 15:47:49', NULL),
(1515, 59, 19, '2024-05-07 15:47:49', '2024-05-07 15:47:49', NULL),
(1516, 59, 20, '2024-05-07 15:47:49', '2024-05-07 15:47:49', NULL),
(1517, 59, 21, '2024-05-07 15:47:49', '2024-05-07 15:47:49', NULL),
(1518, 59, 22, '2024-05-07 15:47:49', '2024-05-07 15:47:49', NULL),
(1519, 59, 23, '2024-05-07 15:47:49', '2024-05-07 15:47:49', NULL),
(1520, 59, 24, '2024-05-07 15:47:49', '2024-05-07 15:47:49', NULL),
(1521, 59, 25, '2024-05-07 15:47:49', '2024-05-07 15:47:49', NULL),
(1522, 59, 26, '2024-05-07 15:47:49', '2024-05-07 15:47:49', NULL),
(1523, 59, 27, '2024-05-07 15:47:49', '2024-05-07 15:47:49', NULL),
(1524, 59, 28, '2024-05-07 15:47:49', '2024-05-07 15:47:49', NULL),
(1525, 59, 29, '2024-05-07 15:47:49', '2024-05-07 15:47:49', NULL),
(1526, 59, 30, '2024-05-07 15:47:49', '2024-05-07 15:47:49', NULL),
(1527, 59, 31, '2024-05-07 15:47:49', '2024-05-07 15:47:49', NULL),
(1528, 59, 32, '2024-05-07 15:47:49', '2024-05-07 15:47:49', NULL),
(1529, 59, 33, '2024-05-07 15:47:49', '2024-05-07 15:47:49', NULL),
(1530, 59, 34, '2024-05-07 15:47:49', '2024-05-07 15:47:49', NULL),
(1531, 59, 35, '2024-05-07 15:47:49', '2024-05-07 15:47:49', NULL),
(1532, 59, 36, '2024-05-07 15:47:49', '2024-05-07 15:47:49', NULL),
(1533, 59, 37, '2024-05-07 15:47:49', '2024-05-07 15:47:49', NULL),
(1534, 59, 38, '2024-05-07 15:47:49', '2024-05-07 15:47:49', NULL),
(1535, 59, 39, '2024-05-07 15:47:49', '2024-05-07 15:47:49', NULL),
(1536, 59, 40, '2024-05-07 15:47:49', '2024-05-07 15:47:49', NULL),
(1537, 60, 17, '2024-05-07 15:47:49', '2024-05-07 15:47:49', NULL),
(1538, 60, 18, '2024-05-07 15:47:49', '2024-05-07 15:47:49', NULL),
(1539, 60, 19, '2024-05-07 15:47:49', '2024-05-07 15:47:49', NULL),
(1540, 60, 20, '2024-05-07 15:47:49', '2024-05-07 15:47:49', NULL),
(1541, 60, 21, '2024-05-07 15:47:49', '2024-05-07 15:47:49', NULL),
(1542, 60, 22, '2024-05-07 15:47:49', '2024-05-07 15:47:49', NULL),
(1543, 60, 23, '2024-05-07 15:47:49', '2024-05-07 15:47:49', NULL),
(1544, 60, 24, '2024-05-07 15:47:49', '2024-05-07 15:47:49', NULL),
(1545, 60, 25, '2024-05-07 15:47:49', '2024-05-07 15:47:49', NULL),
(1546, 60, 26, '2024-05-07 15:47:49', '2024-05-07 15:47:49', NULL),
(1547, 60, 27, '2024-05-07 15:47:49', '2024-05-07 15:47:49', NULL),
(1548, 60, 28, '2024-05-07 15:47:49', '2024-05-07 15:47:49', NULL),
(1549, 60, 29, '2024-05-07 15:47:49', '2024-05-07 15:47:49', NULL),
(1550, 60, 30, '2024-05-07 15:47:49', '2024-05-07 15:47:49', NULL),
(1551, 60, 31, '2024-05-07 15:47:49', '2024-05-07 15:47:49', NULL),
(1552, 60, 32, '2024-05-07 15:47:49', '2024-05-07 15:47:49', NULL),
(1553, 60, 33, '2024-05-07 15:47:49', '2024-05-07 15:47:49', NULL),
(1554, 60, 34, '2024-05-07 15:47:49', '2024-05-07 15:47:49', NULL),
(1555, 60, 35, '2024-05-07 15:47:49', '2024-05-07 15:47:49', NULL),
(1556, 60, 36, '2024-05-07 15:47:49', '2024-05-07 15:47:49', NULL),
(1557, 60, 37, '2024-05-07 15:47:49', '2024-05-07 15:47:49', NULL),
(1558, 60, 38, '2024-05-07 15:47:49', '2024-05-07 15:47:49', NULL),
(1559, 60, 39, '2024-05-07 15:47:49', '2024-05-07 15:47:49', NULL),
(1560, 60, 40, '2024-05-07 15:47:49', '2024-05-07 15:47:49', NULL),
(1561, 61, 17, '2024-05-07 15:47:49', '2024-05-07 15:47:49', NULL),
(1562, 61, 18, '2024-05-07 15:47:49', '2024-05-07 15:47:49', NULL),
(1563, 61, 19, '2024-05-07 15:47:49', '2024-05-07 15:47:49', NULL),
(1564, 61, 20, '2024-05-07 15:47:49', '2024-05-07 15:47:49', NULL),
(1565, 61, 21, '2024-05-07 15:47:49', '2024-05-07 15:47:49', NULL),
(1566, 61, 22, '2024-05-07 15:47:49', '2024-05-07 15:47:49', NULL),
(1567, 61, 23, '2024-05-07 15:47:49', '2024-05-07 15:47:49', NULL),
(1568, 61, 24, '2024-05-07 15:47:49', '2024-05-07 15:47:49', NULL),
(1569, 61, 25, '2024-05-07 15:47:49', '2024-05-07 15:47:49', NULL),
(1570, 61, 26, '2024-05-07 15:47:49', '2024-05-07 15:47:49', NULL),
(1571, 61, 27, '2024-05-07 15:47:49', '2024-05-07 15:47:49', NULL),
(1572, 61, 28, '2024-05-07 15:47:49', '2024-05-07 15:47:49', NULL),
(1573, 61, 29, '2024-05-07 15:47:49', '2024-05-07 15:47:49', NULL),
(1574, 61, 30, '2024-05-07 15:47:49', '2024-05-07 15:47:49', NULL),
(1575, 61, 31, '2024-05-07 15:47:49', '2024-05-07 15:47:49', NULL),
(1576, 61, 32, '2024-05-07 15:47:49', '2024-05-07 15:47:49', NULL),
(1577, 61, 33, '2024-05-07 15:47:49', '2024-05-07 15:47:49', NULL),
(1578, 61, 34, '2024-05-07 15:47:49', '2024-05-07 15:47:49', NULL),
(1579, 61, 35, '2024-05-07 15:47:49', '2024-05-07 15:47:49', NULL),
(1580, 61, 36, '2024-05-07 15:47:49', '2024-05-07 15:47:49', NULL),
(1581, 61, 37, '2024-05-07 15:47:49', '2024-05-07 15:47:49', NULL),
(1582, 61, 38, '2024-05-07 15:47:49', '2024-05-07 15:47:49', NULL),
(1583, 61, 39, '2024-05-07 15:47:49', '2024-05-07 15:47:49', NULL),
(1584, 61, 40, '2024-05-07 15:47:49', '2024-05-07 15:47:49', NULL),
(1585, 98, 1, '2024-05-11 05:51:47', '2024-05-11 05:51:47', NULL),
(1586, 98, 2, '2024-05-11 05:51:47', '2024-05-11 05:51:47', NULL),
(1587, 98, 3, '2024-05-11 05:51:47', '2024-05-11 05:51:47', NULL),
(1588, 98, 4, '2024-05-11 05:51:47', '2024-05-11 05:51:47', NULL),
(1589, 99, 1, '2024-05-11 05:51:47', '2024-05-11 05:51:47', NULL),
(1590, 99, 2, '2024-05-11 05:51:47', '2024-05-11 05:51:47', NULL),
(1591, 99, 3, '2024-05-11 05:51:47', '2024-05-11 05:51:47', NULL),
(1592, 99, 4, '2024-05-11 05:51:47', '2024-05-11 05:51:47', NULL),
(1593, 100, 1, '2024-05-11 05:51:47', '2024-05-11 05:51:47', NULL),
(1594, 100, 2, '2024-05-11 05:51:47', '2024-05-11 05:51:47', NULL),
(1595, 100, 3, '2024-05-11 05:51:47', '2024-05-11 05:51:47', NULL),
(1596, 100, 4, '2024-05-11 05:51:47', '2024-05-11 05:51:47', NULL),
(1597, 101, 1, '2024-05-11 05:51:47', '2024-05-11 05:51:47', NULL),
(1598, 101, 2, '2024-05-11 05:51:47', '2024-05-11 05:51:47', NULL),
(1599, 101, 3, '2024-05-11 05:51:47', '2024-05-11 05:51:47', NULL),
(1600, 101, 4, '2024-05-11 05:51:47', '2024-05-11 05:51:47', NULL),
(1601, 102, 1, '2024-05-11 05:51:47', '2024-05-11 05:51:47', NULL),
(1602, 102, 2, '2024-05-11 05:51:47', '2024-05-11 05:51:47', NULL),
(1603, 102, 3, '2024-05-11 05:51:47', '2024-05-11 05:51:47', NULL),
(1604, 102, 4, '2024-05-11 05:51:47', '2024-05-11 05:51:47', NULL),
(1605, 103, 1, '2024-05-11 05:56:38', '2024-05-11 05:56:38', NULL),
(1606, 103, 2, '2024-05-11 05:56:38', '2024-05-11 05:56:38', NULL),
(1607, 103, 3, '2024-05-11 05:56:38', '2024-05-11 05:56:38', NULL),
(1608, 103, 4, '2024-05-11 05:56:38', '2024-05-11 05:56:38', NULL),
(1609, 104, 1, '2024-05-11 05:56:38', '2024-05-11 05:56:38', NULL),
(1610, 104, 2, '2024-05-11 05:56:38', '2024-05-11 05:56:38', NULL),
(1611, 104, 3, '2024-05-11 05:56:38', '2024-05-11 05:56:38', NULL),
(1612, 104, 4, '2024-05-11 05:56:38', '2024-05-11 05:56:38', NULL),
(1613, 105, 1, '2024-05-11 05:56:38', '2024-05-11 05:56:38', NULL),
(1614, 105, 2, '2024-05-11 05:56:38', '2024-05-11 05:56:38', NULL),
(1615, 105, 3, '2024-05-11 05:56:38', '2024-05-11 05:56:38', NULL),
(1616, 105, 4, '2024-05-11 05:56:38', '2024-05-11 05:56:38', NULL),
(1617, 106, 1, '2024-05-11 05:56:38', '2024-05-11 05:56:38', NULL),
(1618, 106, 2, '2024-05-11 05:56:38', '2024-05-11 05:56:38', NULL),
(1619, 106, 3, '2024-05-11 05:56:38', '2024-05-11 05:56:38', NULL),
(1620, 106, 4, '2024-05-11 05:56:38', '2024-05-11 05:56:38', NULL),
(1621, 107, 1, '2024-05-11 05:56:38', '2024-05-11 05:56:38', NULL),
(1622, 107, 2, '2024-05-11 05:56:38', '2024-05-11 05:56:38', NULL),
(1623, 107, 3, '2024-05-11 05:56:38', '2024-05-11 05:56:38', NULL),
(1624, 107, 4, '2024-05-11 05:56:38', '2024-05-11 05:56:38', NULL),
(1625, 108, 1, '2024-05-11 06:06:14', '2024-05-11 06:06:14', NULL),
(1626, 108, 2, '2024-05-11 06:06:14', '2024-05-11 06:06:14', NULL),
(1627, 108, 3, '2024-05-11 06:06:14', '2024-05-11 06:06:14', NULL),
(1628, 108, 4, '2024-05-11 06:06:14', '2024-05-11 06:06:14', NULL),
(1629, 108, 5, '2024-05-11 06:06:14', '2024-05-11 06:06:14', NULL),
(1630, 108, 6, '2024-05-11 06:06:14', '2024-05-11 06:06:14', NULL),
(1631, 108, 7, '2024-05-11 06:06:14', '2024-05-11 06:06:14', NULL),
(1632, 108, 8, '2024-05-11 06:06:14', '2024-05-11 06:06:14', NULL),
(1633, 109, 1, '2024-05-11 06:06:14', '2024-05-11 06:06:14', NULL),
(1634, 109, 2, '2024-05-11 06:06:14', '2024-05-11 06:06:14', NULL),
(1635, 109, 3, '2024-05-11 06:06:14', '2024-05-11 06:06:14', NULL),
(1636, 109, 4, '2024-05-11 06:06:14', '2024-05-11 06:06:14', NULL),
(1637, 109, 5, '2024-05-11 06:06:14', '2024-05-11 06:06:14', NULL),
(1638, 109, 6, '2024-05-11 06:06:14', '2024-05-11 06:06:14', NULL),
(1639, 109, 7, '2024-05-11 06:06:14', '2024-05-11 06:06:14', NULL),
(1640, 109, 8, '2024-05-11 06:06:14', '2024-05-11 06:06:14', NULL),
(1641, 110, 1, '2024-05-11 06:06:14', '2024-05-11 06:06:14', NULL),
(1642, 110, 2, '2024-05-11 06:06:14', '2024-05-11 06:06:14', NULL),
(1643, 110, 3, '2024-05-11 06:06:14', '2024-05-11 06:06:14', NULL),
(1644, 110, 4, '2024-05-11 06:06:14', '2024-05-11 06:06:14', NULL),
(1645, 110, 5, '2024-05-11 06:06:14', '2024-05-11 06:06:14', NULL),
(1646, 110, 6, '2024-05-11 06:06:14', '2024-05-11 06:06:14', NULL),
(1647, 110, 7, '2024-05-11 06:06:14', '2024-05-11 06:06:14', NULL),
(1648, 110, 8, '2024-05-11 06:06:14', '2024-05-11 06:06:14', NULL),
(1649, 111, 1, '2024-05-11 06:06:14', '2024-05-11 06:06:14', NULL),
(1650, 111, 2, '2024-05-11 06:06:14', '2024-05-11 06:06:14', NULL),
(1651, 111, 3, '2024-05-11 06:06:14', '2024-05-11 06:06:14', NULL),
(1652, 111, 4, '2024-05-11 06:06:14', '2024-05-11 06:06:14', NULL),
(1653, 111, 5, '2024-05-11 06:06:14', '2024-05-11 06:06:14', NULL),
(1654, 111, 6, '2024-05-11 06:06:14', '2024-05-11 06:06:14', NULL),
(1655, 111, 7, '2024-05-11 06:06:14', '2024-05-11 06:06:14', NULL),
(1656, 111, 8, '2024-05-11 06:06:14', '2024-05-11 06:06:14', NULL),
(1657, 112, 1, '2024-05-11 06:06:14', '2024-05-11 06:06:14', NULL),
(1658, 112, 2, '2024-05-11 06:06:14', '2024-05-11 06:06:14', NULL),
(1659, 112, 3, '2024-05-11 06:06:14', '2024-05-11 06:06:14', NULL),
(1660, 112, 4, '2024-05-11 06:06:14', '2024-05-11 06:06:14', NULL),
(1661, 112, 5, '2024-05-11 06:06:14', '2024-05-11 06:06:14', NULL),
(1662, 112, 6, '2024-05-11 06:06:14', '2024-05-11 06:06:14', NULL),
(1663, 112, 7, '2024-05-11 06:06:14', '2024-05-11 06:06:14', NULL),
(1664, 112, 8, '2024-05-11 06:06:14', '2024-05-11 06:06:14', NULL),
(1665, 113, 5, '2024-05-13 13:29:30', '2024-05-13 13:29:30', NULL),
(1666, 113, 6, '2024-05-13 13:29:30', '2024-05-13 13:29:30', NULL),
(1667, 113, 7, '2024-05-13 13:29:30', '2024-05-13 13:29:30', NULL),
(1668, 113, 8, '2024-05-13 13:29:30', '2024-05-13 13:29:30', NULL),
(1669, 113, 9, '2024-05-13 13:29:30', '2024-05-13 13:29:30', NULL),
(1670, 113, 10, '2024-05-13 13:29:30', '2024-05-13 13:29:30', NULL),
(1671, 113, 11, '2024-05-13 13:29:30', '2024-05-13 13:29:30', NULL),
(1672, 113, 12, '2024-05-13 13:29:30', '2024-05-13 13:29:30', NULL),
(1673, 113, 13, '2024-05-13 13:29:30', '2024-05-13 13:29:30', NULL),
(1674, 113, 14, '2024-05-13 13:29:30', '2024-05-13 13:29:30', NULL),
(1675, 113, 15, '2024-05-13 13:29:30', '2024-05-13 13:29:30', NULL),
(1676, 113, 16, '2024-05-13 13:29:30', '2024-05-13 13:29:30', NULL),
(1677, 113, 17, '2024-05-13 13:29:30', '2024-05-13 13:29:30', NULL),
(1678, 113, 18, '2024-05-13 13:29:30', '2024-05-13 13:29:30', NULL),
(1679, 113, 19, '2024-05-13 13:29:30', '2024-05-13 13:29:30', NULL),
(1680, 113, 20, '2024-05-13 13:29:30', '2024-05-13 13:29:30', NULL),
(1681, 113, 21, '2024-05-13 13:29:30', '2024-05-13 13:29:30', NULL),
(1682, 113, 22, '2024-05-13 13:29:30', '2024-05-13 13:29:30', NULL),
(1683, 113, 23, '2024-05-13 13:29:30', '2024-05-13 13:29:30', NULL),
(1684, 113, 24, '2024-05-13 13:29:30', '2024-05-13 13:29:30', NULL),
(1685, 113, 25, '2024-05-13 13:29:30', '2024-05-13 13:29:30', NULL),
(1686, 113, 26, '2024-05-13 13:29:30', '2024-05-13 13:29:30', NULL),
(1687, 113, 27, '2024-05-13 13:29:30', '2024-05-13 13:29:30', NULL),
(1688, 113, 28, '2024-05-13 13:29:30', '2024-05-13 13:29:30', NULL),
(1689, 113, 33, '2024-05-13 13:29:30', '2024-05-13 13:29:30', NULL),
(1690, 113, 34, '2024-05-13 13:29:30', '2024-05-13 13:29:30', NULL),
(1691, 113, 35, '2024-05-13 13:29:30', '2024-05-13 13:29:30', NULL),
(1692, 113, 36, '2024-05-13 13:29:30', '2024-05-13 13:29:30', NULL),
(1693, 113, 37, '2024-05-13 13:29:30', '2024-05-13 13:29:30', NULL),
(1694, 113, 38, '2024-05-13 13:29:30', '2024-05-13 13:29:30', NULL),
(1695, 113, 39, '2024-05-13 13:29:30', '2024-05-13 13:29:30', NULL),
(1696, 113, 40, '2024-05-13 13:29:30', '2024-05-13 13:29:30', NULL),
(1697, 114, 5, '2024-05-14 14:00:29', '2024-05-14 14:00:29', NULL),
(1698, 114, 6, '2024-05-14 14:00:29', '2024-05-14 14:00:29', NULL),
(1699, 114, 7, '2024-05-14 14:00:29', '2024-05-14 14:00:29', NULL),
(1700, 114, 8, '2024-05-14 14:00:29', '2024-05-14 14:00:29', NULL),
(1701, 114, 9, '2024-05-14 14:00:29', '2024-05-14 14:00:29', NULL),
(1702, 114, 10, '2024-05-14 14:00:29', '2024-05-14 14:00:29', NULL),
(1703, 114, 11, '2024-05-14 14:00:29', '2024-05-14 14:00:29', NULL),
(1704, 114, 12, '2024-05-14 14:00:29', '2024-05-14 14:00:29', NULL),
(1705, 114, 13, '2024-05-14 14:00:29', '2024-05-14 14:00:29', NULL),
(1706, 114, 14, '2024-05-14 14:00:29', '2024-05-14 14:00:29', NULL),
(1707, 114, 15, '2024-05-14 14:00:29', '2024-05-14 14:00:29', NULL),
(1708, 114, 16, '2024-05-14 14:00:29', '2024-05-14 14:00:29', NULL),
(1709, 114, 17, '2024-05-14 14:00:29', '2024-05-14 14:00:29', NULL),
(1710, 114, 18, '2024-05-14 14:00:29', '2024-05-14 14:00:29', NULL),
(1711, 114, 19, '2024-05-14 14:00:29', '2024-05-14 14:00:29', NULL),
(1712, 114, 20, '2024-05-14 14:00:29', '2024-05-14 14:00:29', NULL),
(1713, 114, 21, '2024-05-14 14:00:29', '2024-05-14 14:00:29', NULL),
(1714, 114, 22, '2024-05-14 14:00:29', '2024-05-14 14:00:29', NULL),
(1715, 114, 23, '2024-05-14 14:00:29', '2024-05-14 14:00:29', NULL),
(1716, 114, 24, '2024-05-14 14:00:29', '2024-05-14 14:00:29', NULL),
(1717, 114, 25, '2024-05-14 14:00:29', '2024-05-14 14:00:29', NULL),
(1718, 114, 26, '2024-05-14 14:00:29', '2024-05-14 14:00:29', NULL),
(1719, 114, 27, '2024-05-14 14:00:29', '2024-05-14 14:00:29', NULL),
(1720, 114, 28, '2024-05-14 14:00:29', '2024-05-14 14:00:29', NULL),
(1721, 114, 33, '2024-05-14 14:00:29', '2024-05-14 14:00:29', NULL),
(1722, 114, 34, '2024-05-14 14:00:29', '2024-05-14 14:00:29', NULL),
(1723, 114, 35, '2024-05-14 14:00:29', '2024-05-14 14:00:29', NULL),
(1724, 114, 36, '2024-05-14 14:00:29', '2024-05-14 14:00:29', NULL),
(1725, 114, 37, '2024-05-14 14:00:29', '2024-05-14 14:00:29', NULL),
(1726, 114, 38, '2024-05-14 14:00:29', '2024-05-14 14:00:29', NULL),
(1727, 114, 39, '2024-05-14 14:00:29', '2024-05-14 14:00:29', NULL),
(1728, 114, 40, '2024-05-14 14:00:29', '2024-05-14 14:00:29', NULL),
(1729, 114, 1, '2024-05-14 14:00:29', '2024-05-14 14:00:29', NULL),
(1730, 114, 2, '2024-05-14 14:00:29', '2024-05-14 14:00:29', NULL),
(1731, 114, 3, '2024-05-14 14:00:29', '2024-05-14 14:00:29', NULL),
(1732, 114, 4, '2024-05-14 14:00:29', '2024-05-14 14:00:29', NULL),
(1733, 115, 5, '2024-05-14 14:22:40', '2024-05-14 14:22:40', NULL),
(1734, 115, 6, '2024-05-14 14:22:40', '2024-05-14 14:22:40', NULL),
(1735, 115, 7, '2024-05-14 14:22:40', '2024-05-14 14:22:40', NULL),
(1736, 115, 8, '2024-05-14 14:22:40', '2024-05-14 14:22:40', NULL),
(1737, 115, 9, '2024-05-14 14:22:40', '2024-05-14 14:22:40', NULL),
(1738, 115, 10, '2024-05-14 14:22:40', '2024-05-14 14:22:40', NULL),
(1739, 115, 11, '2024-05-14 14:22:40', '2024-05-14 14:22:40', NULL),
(1740, 115, 12, '2024-05-14 14:22:40', '2024-05-14 14:22:40', NULL),
(1741, 115, 13, '2024-05-14 14:22:40', '2024-05-14 14:22:40', NULL),
(1742, 115, 14, '2024-05-14 14:22:40', '2024-05-14 14:22:40', NULL),
(1743, 115, 15, '2024-05-14 14:22:40', '2024-05-14 14:22:40', NULL),
(1744, 115, 16, '2024-05-14 14:22:40', '2024-05-14 14:22:40', NULL),
(1745, 115, 17, '2024-05-14 14:22:40', '2024-05-14 14:22:40', NULL),
(1746, 115, 18, '2024-05-14 14:22:40', '2024-05-14 14:22:40', NULL),
(1747, 115, 19, '2024-05-14 14:22:40', '2024-05-14 14:22:40', NULL),
(1748, 115, 20, '2024-05-14 14:22:40', '2024-05-14 14:22:40', NULL),
(1749, 115, 21, '2024-05-14 14:22:40', '2024-05-14 14:22:40', NULL),
(1750, 115, 22, '2024-05-14 14:22:40', '2024-05-14 14:22:40', NULL),
(1751, 115, 23, '2024-05-14 14:22:40', '2024-05-14 14:22:40', NULL),
(1752, 115, 24, '2024-05-14 14:22:40', '2024-05-14 14:22:40', NULL),
(1753, 115, 33, '2024-05-14 14:22:40', '2024-05-14 14:22:40', NULL),
(1754, 115, 34, '2024-05-14 14:22:40', '2024-05-14 14:22:40', NULL),
(1755, 115, 35, '2024-05-14 14:22:40', '2024-05-14 14:22:40', NULL),
(1756, 115, 36, '2024-05-14 14:22:40', '2024-05-14 14:22:40', NULL),
(1757, 115, 37, '2024-05-14 14:22:40', '2024-05-14 14:22:40', NULL),
(1758, 115, 38, '2024-05-14 14:22:40', '2024-05-14 14:22:40', NULL),
(1759, 115, 39, '2024-05-14 14:22:40', '2024-05-14 14:22:40', NULL),
(1760, 115, 40, '2024-05-14 14:22:40', '2024-05-14 14:22:40', NULL),
(1761, 115, 1, '2024-05-14 14:22:40', '2024-05-14 14:22:40', NULL),
(1762, 115, 2, '2024-05-14 14:22:40', '2024-05-14 14:22:40', NULL),
(1763, 115, 3, '2024-05-14 14:22:40', '2024-05-14 14:22:40', NULL),
(1764, 115, 4, '2024-05-14 14:22:40', '2024-05-14 14:22:40', NULL),
(1765, 116, 1, '2024-05-16 14:42:17', '2024-05-16 14:42:17', NULL),
(1766, 116, 2, '2024-05-16 14:42:17', '2024-05-16 14:42:17', NULL),
(1767, 116, 3, '2024-05-16 14:42:17', '2024-05-16 14:42:17', NULL),
(1768, 116, 4, '2024-05-16 14:42:17', '2024-05-16 14:42:17', NULL),
(1769, 116, 5, '2024-05-16 14:42:17', '2024-05-16 14:42:17', NULL),
(1770, 116, 6, '2024-05-16 14:42:17', '2024-05-16 14:42:17', NULL),
(1771, 116, 7, '2024-05-16 14:42:17', '2024-05-16 14:42:17', NULL),
(1772, 116, 8, '2024-05-16 14:42:17', '2024-05-16 14:42:17', NULL),
(1773, 116, 9, '2024-05-16 14:42:17', '2024-05-16 14:42:17', NULL),
(1774, 116, 10, '2024-05-16 14:42:17', '2024-05-16 14:42:17', NULL),
(1775, 116, 11, '2024-05-16 14:42:17', '2024-05-16 14:42:17', NULL),
(1776, 116, 12, '2024-05-16 14:42:17', '2024-05-16 14:42:17', NULL),
(1777, 116, 25, '2024-05-16 14:42:17', '2024-05-16 14:42:17', NULL),
(1778, 116, 26, '2024-05-16 14:42:17', '2024-05-16 14:42:17', NULL),
(1779, 116, 27, '2024-05-16 14:42:17', '2024-05-16 14:42:17', NULL),
(1780, 116, 28, '2024-05-16 14:42:17', '2024-05-16 14:42:17', NULL),
(1781, 116, 29, '2024-05-16 14:42:17', '2024-05-16 14:42:17', NULL),
(1782, 116, 30, '2024-05-16 14:42:17', '2024-05-16 14:42:17', NULL),
(1783, 116, 31, '2024-05-16 14:42:17', '2024-05-16 14:42:17', NULL),
(1784, 116, 32, '2024-05-16 14:42:17', '2024-05-16 14:42:17', NULL),
(1785, 116, 33, '2024-05-16 14:42:17', '2024-05-16 14:42:17', NULL),
(1786, 116, 34, '2024-05-16 14:42:17', '2024-05-16 14:42:17', NULL),
(1787, 116, 35, '2024-05-16 14:42:17', '2024-05-16 14:42:17', NULL),
(1788, 116, 36, '2024-05-16 14:42:17', '2024-05-16 14:42:17', NULL),
(1789, 116, 37, '2024-05-16 14:42:17', '2024-05-16 14:42:17', NULL),
(1790, 116, 38, '2024-05-16 14:42:17', '2024-05-16 14:42:17', NULL),
(1791, 116, 39, '2024-05-16 14:42:17', '2024-05-16 14:42:17', NULL),
(1792, 116, 40, '2024-05-16 14:42:17', '2024-05-16 14:42:17', NULL);

-- --------------------------------------------------------

--
-- Estructura de tabla para la tabla `failed_jobs`
--

CREATE TABLE `failed_jobs` (
  `id` bigint(20) UNSIGNED NOT NULL,
  `uuid` varchar(255) NOT NULL,
  `connection` text NOT NULL,
  `queue` text NOT NULL,
  `payload` longtext NOT NULL,
  `exception` longtext NOT NULL,
  `failed_at` timestamp NOT NULL DEFAULT current_timestamp()
) ENGINE=InnoDB DEFAULT CHARSET=utf8mb4 COLLATE=utf8mb4_unicode_ci;

-- --------------------------------------------------------

--
-- Estructura de tabla para la tabla `migrations`
--

CREATE TABLE `migrations` (
  `id` int(10) UNSIGNED NOT NULL,
  `migration` varchar(255) NOT NULL,
  `batch` int(11) NOT NULL
) ENGINE=InnoDB DEFAULT CHARSET=utf8mb4 COLLATE=utf8mb4_unicode_ci;

--
-- Volcado de datos para la tabla `migrations`
--

INSERT INTO `migrations` (`id`, `migration`, `batch`) VALUES
(1, '2014_10_12_000000_create_users_table', 1),
(2, '2014_10_12_100000_create_password_reset_tokens_table', 1),
(3, '2019_08_19_000000_create_failed_jobs_table', 1),
(4, '2019_12_14_000001_create_personal_access_tokens_table', 1),
(5, '2024_03_16_151804_create_permission_tables', 1);

-- --------------------------------------------------------

--
-- Estructura de tabla para la tabla `model_has_permissions`
--

CREATE TABLE `model_has_permissions` (
  `permission_id` bigint(20) UNSIGNED NOT NULL,
  `model_type` varchar(255) NOT NULL,
  `model_id` bigint(20) UNSIGNED NOT NULL
) ENGINE=InnoDB DEFAULT CHARSET=utf8mb4 COLLATE=utf8mb4_unicode_ci;

-- --------------------------------------------------------

--
-- Estructura de tabla para la tabla `model_has_roles`
--

CREATE TABLE `model_has_roles` (
  `role_id` bigint(20) UNSIGNED NOT NULL,
  `model_type` varchar(255) NOT NULL,
  `model_id` bigint(20) UNSIGNED NOT NULL
) ENGINE=InnoDB DEFAULT CHARSET=utf8mb4 COLLATE=utf8mb4_unicode_ci;

--
-- Volcado de datos para la tabla `model_has_roles`
--

INSERT INTO `model_has_roles` (`role_id`, `model_type`, `model_id`) VALUES
(1, 'App\\Models\\User', 1),
(2, 'App\\Models\\User', 2),
(2, 'App\\Models\\User', 3),
(2, 'App\\Models\\User', 4),
(2, 'App\\Models\\User', 5),
(2, 'App\\Models\\User', 7),
(2, 'App\\Models\\User', 8),
(2, 'App\\Models\\User', 9),
(2, 'App\\Models\\User', 15),
(3, 'App\\Models\\User', 6),
(3, 'App\\Models\\User', 10),
(3, 'App\\Models\\User', 11),
(3, 'App\\Models\\User', 19),
(3, 'App\\Models\\User', 20),
(3, 'App\\Models\\User', 22),
(4, 'App\\Models\\User', 23),
(5, 'App\\Models\\User', 16),
(5, 'App\\Models\\User', 17),
(5, 'App\\Models\\User', 18),
(5, 'App\\Models\\User', 21);

-- --------------------------------------------------------

--
-- Estructura de tabla para la tabla `password_reset_tokens`
--

CREATE TABLE `password_reset_tokens` (
  `email` varchar(255) NOT NULL,
  `token` varchar(255) NOT NULL,
  `created_at` timestamp NULL DEFAULT NULL
) ENGINE=InnoDB DEFAULT CHARSET=utf8mb4 COLLATE=utf8mb4_unicode_ci;

-- --------------------------------------------------------

--
-- Estructura de tabla para la tabla `patients`
--

CREATE TABLE `patients` (
  `id` bigint(20) UNSIGNED NOT NULL,
  `name` varchar(250) NOT NULL,
  `surname` varchar(250) NOT NULL,
  `DNI` varchar(25) NOT NULL,
  `movil` varchar(250) DEFAULT NULL,
  `email` varchar(250) DEFAULT NULL,
  `fecha_nac` timestamp NULL DEFAULT NULL,
  `gender` tinyint(1) UNSIGNED NOT NULL DEFAULT 1 COMMENT '1 es masculino, 2 femenino y 3 indefinido',
  `antedent` text DEFAULT NULL COMMENT 'Antecedentes médicos',
  `diagnostico` text DEFAULT NULL,
  `address` varchar(250) DEFAULT NULL,
  `avatar` varchar(250) DEFAULT NULL,
  `created_at` timestamp NULL DEFAULT NULL,
  `updated_at` timestamp NULL DEFAULT NULL,
  `deleted_at` timestamp NULL DEFAULT NULL
) ENGINE=InnoDB DEFAULT CHARSET=utf8mb4 COLLATE=utf8mb4_general_ci;

--
-- Volcado de datos para la tabla `patients`
--

INSERT INTO `patients` (`id`, `name`, `surname`, `DNI`, `movil`, `email`, `fecha_nac`, `gender`, `antedent`, `diagnostico`, `address`, `avatar`, `created_at`, `updated_at`, `deleted_at`) VALUES
(2, 'Silvino', 'Rodriguez Cantoso', '567876566 S', '123456', 'canta@mas.es', '2016-07-26 10:00:00', 1, 'Dolor de bicepcs', NULL, NULL, 'patients/TneaT9A1PSRdKWvQ6f9d5JYsG2IJFvYNRBLqt5Gs.jpg', '2024-04-22 08:21:15', '2024-04-26 08:06:14', NULL),
(3, 'Nube', 'nube', '1234567', '1233455', 'b', NULL, 3, NULL, NULL, NULL, NULL, '2024-04-22 08:23:21', '2024-04-26 06:06:29', '2024-04-26 06:06:29'),
(4, 'Paciente', 'Paciente', '789675643F', '88888', 'HH@hh.com', '1970-09-14 11:00:00', 2, 'Infarto miocardio', 'no lo se', 'b,b', 'patients/TpNDHLXXeX7eAdkxp4ZGDV9YSg4uKdqEyafvu1S7.jpg', '2024-04-22 09:21:19', '2024-04-26 08:11:14', NULL),
(5, 'Puy', 'Puy', '983.434.678 M', '679828579', 'J@gmail.com', '2013-02-26 11:00:00', 2, 'Dolor de espalda', NULL, NULL, 'patients/fSkY00f1vNvixDwE6XfgEyFdEBYdaamKnZkA4l03.jpg', '2024-04-22 12:59:00', '2024-05-12 15:58:23', NULL),
(6, 'FFSDA', 'FFSDA', '333333', '33333', NULL, '2024-04-25 09:02:43', 2, NULL, NULL, NULL, NULL, '2024-04-22 13:01:22', '2024-04-26 06:03:19', '2024-04-26 06:03:19'),
(7, 'Mariola', 'Garcia', '652.334.560 A', '678828577', 'triatrlon@deporte.es', '1990-12-26 11:00:00', 2, 'Fractura de tibia y peroné.\r\nPsoas blando.', NULL, 'Calle Bethancourt Alonso, 32\r\nLerin', 'patients/LPDSU887HheeDiEcM3ixxJhZKuHBtjnwfQDaLqUX.jpg', '2024-04-25 11:07:55', '2024-04-26 07:59:13', NULL),
(8, 'Bea', 'Romero', '36143286m', '679828579', NULL, NULL, 1, NULL, NULL, NULL, NULL, '2024-05-14 14:27:16', '2024-05-14 14:27:16', NULL);

-- --------------------------------------------------------

--
-- Estructura de tabla para la tabla `permissions`
--

CREATE TABLE `permissions` (
  `id` bigint(20) UNSIGNED NOT NULL,
  `name` varchar(255) NOT NULL,
  `guard_name` varchar(255) NOT NULL,
  `created_at` timestamp NULL DEFAULT NULL,
  `updated_at` timestamp NULL DEFAULT NULL
) ENGINE=InnoDB DEFAULT CHARSET=utf8mb4 COLLATE=utf8mb4_unicode_ci;

--
-- Volcado de datos para la tabla `permissions`
--

INSERT INTO `permissions` (`id`, `name`, `guard_name`, `created_at`, `updated_at`) VALUES
(1, 'register_rol', 'api', '2024-04-27 12:49:26', '2024-04-27 12:49:26'),
(2, 'list_rol', 'api', '2024-04-27 12:49:26', '2024-04-27 12:49:26'),
(3, 'edit_rol', 'api', '2024-04-27 12:49:26', '2024-04-27 12:49:26'),
(4, 'delete_rol', 'api', '2024-04-27 12:49:26', '2024-04-27 12:49:26'),
(5, 'register_doctor', 'api', '2024-04-27 12:49:26', '2024-04-27 12:49:26'),
(6, 'list_doctor', 'api', '2024-04-27 12:49:26', '2024-04-27 12:49:26'),
(7, 'edit_doctor', 'api', '2024-04-27 12:49:26', '2024-04-27 12:49:26'),
(8, 'delete_doctor', 'api', '2024-04-27 12:49:26', '2024-04-27 12:49:26'),
(9, 'profile_doctor', 'api', '2024-04-27 12:49:26', '2024-04-27 12:49:26'),
(10, 'register_patient', 'api', '2024-04-27 12:49:26', '2024-04-27 12:49:26'),
(11, 'list_patient', 'api', '2024-04-27 12:49:26', '2024-04-27 12:49:26'),
(12, 'edit_patient', 'api', '2024-04-27 12:49:26', '2024-04-27 12:49:26'),
(13, 'delete_patient', 'api', '2024-04-27 12:49:26', '2024-04-27 12:49:26'),
(14, 'profile_patient', 'api', '2024-04-27 12:49:26', '2024-04-27 12:49:26'),
(15, 'register_staff', 'api', '2024-04-27 12:49:26', '2024-04-27 12:49:26'),
(16, 'list_staff', 'api', '2024-04-27 12:49:26', '2024-04-27 12:49:26'),
(17, 'edit_staff', 'api', '2024-04-27 12:49:26', '2024-04-27 12:49:26'),
(18, 'delete_staff', 'api', '2024-04-27 12:49:26', '2024-04-27 12:49:26'),
(19, 'register_appointment', 'api', '2024-04-27 12:49:26', '2024-04-27 12:49:26'),
(20, 'list_appointment', 'api', '2024-04-27 12:49:26', '2024-04-27 12:49:26'),
(21, 'edit_appointment', 'api', '2024-04-27 12:49:26', '2024-04-27 12:49:26'),
(22, 'delete_appointment', 'api', '2024-04-27 12:49:26', '2024-04-27 12:49:26'),
(23, 'register_specialty', 'api', '2024-04-27 12:49:26', '2024-04-27 12:49:26'),
(24, 'list_specialty', 'api', '2024-04-27 12:49:26', '2024-04-27 12:49:26'),
(25, 'edit_specialty', 'api', '2024-04-27 12:49:26', '2024-04-27 12:49:26'),
(26, 'delete_specialty', 'api', '2024-04-27 12:49:26', '2024-04-27 12:49:26'),
(27, 'show_payment', 'api', '2024-04-27 12:49:26', '2024-04-27 12:49:26'),
(28, 'edit_payment', 'api', '2024-04-27 12:49:26', '2024-04-27 12:49:26'),
(29, 'activitie', 'api', '2024-04-27 12:49:26', '2024-04-27 12:49:26'),
(30, 'calendar', 'api', '2024-04-27 12:49:26', '2024-04-27 12:49:26'),
(31, 'expense_report', 'api', '2024-04-27 12:49:26', '2024-04-27 12:49:26'),
(32, 'invoice_report', 'api', '2024-04-27 12:49:26', '2024-04-27 12:49:26'),
(33, 'settings', 'api', '2024-04-27 12:49:26', '2024-04-27 12:49:26');

-- --------------------------------------------------------

--
-- Estructura de tabla para la tabla `personal_access_tokens`
--

CREATE TABLE `personal_access_tokens` (
  `id` bigint(20) UNSIGNED NOT NULL,
  `tokenable_type` varchar(255) NOT NULL,
  `tokenable_id` bigint(20) UNSIGNED NOT NULL,
  `name` varchar(255) NOT NULL,
  `token` varchar(64) NOT NULL,
  `abilities` text DEFAULT NULL,
  `last_used_at` timestamp NULL DEFAULT NULL,
  `expires_at` timestamp NULL DEFAULT NULL,
  `created_at` timestamp NULL DEFAULT NULL,
  `updated_at` timestamp NULL DEFAULT NULL
) ENGINE=InnoDB DEFAULT CHARSET=utf8mb4 COLLATE=utf8mb4_unicode_ci;

-- --------------------------------------------------------

--
-- Estructura de tabla para la tabla `roles`
--

CREATE TABLE `roles` (
  `id` bigint(20) UNSIGNED NOT NULL,
  `name` varchar(255) NOT NULL,
  `guard_name` varchar(255) NOT NULL,
  `created_at` timestamp NULL DEFAULT NULL,
  `updated_at` timestamp NULL DEFAULT NULL
) ENGINE=InnoDB DEFAULT CHARSET=utf8mb4 COLLATE=utf8mb4_unicode_ci;

--
-- Volcado de datos para la tabla `roles`
--

INSERT INTO `roles` (`id`, `name`, `guard_name`, `created_at`, `updated_at`) VALUES
(1, 'Super-Admin', 'api', '2024-04-27 12:49:26', '2024-04-27 12:49:26'),
(2, 'Doctor', 'api', '2024-04-27 13:07:33', '2024-04-27 13:07:33'),
(3, 'Fisioterapeuta', 'api', '2024-04-29 13:13:06', '2024-04-29 13:13:06'),
(4, 'Administrativa', 'api', '2024-05-12 13:47:23', '2024-05-12 13:47:23'),
(5, 'Practicas', 'api', '2024-05-12 13:54:26', '2024-05-12 13:54:26'),
(6, 'prueba', 'api', '2024-05-13 10:22:17', '2024-05-13 10:22:17'),
(12, 'asado', 'api', '2024-05-16 12:38:38', '2024-05-16 12:38:38');

-- --------------------------------------------------------

--
-- Estructura de tabla para la tabla `role_has_permissions`
--

CREATE TABLE `role_has_permissions` (
  `permission_id` bigint(20) UNSIGNED NOT NULL,
  `role_id` bigint(20) UNSIGNED NOT NULL
) ENGINE=InnoDB DEFAULT CHARSET=utf8mb4 COLLATE=utf8mb4_unicode_ci;

--
-- Volcado de datos para la tabla `role_has_permissions`
--

INSERT INTO `role_has_permissions` (`permission_id`, `role_id`) VALUES
(1, 6),
(1, 12),
(2, 6),
(3, 6),
(4, 6),
(5, 2),
(5, 4),
(6, 2),
(6, 3),
(6, 4),
(7, 2),
(8, 4),
(9, 3),
(9, 4),
(10, 2),
(11, 2),
(11, 3),
(11, 5),
(12, 2),
(12, 6),
(13, 2),
(14, 2),
(14, 3),
(15, 4),
(16, 2),
(16, 4),
(19, 2),
(19, 3),
(19, 4),
(20, 4),
(20, 5),
(21, 4),
(22, 4),
(24, 2),
(24, 3),
(24, 5),
(25, 2),
(30, 6);

-- --------------------------------------------------------

--
-- Estructura de tabla para la tabla `specialities`
--

CREATE TABLE `specialities` (
  `id` bigint(20) UNSIGNED NOT NULL,
  `name` varchar(250) NOT NULL,
  `state` tinyint(1) UNSIGNED NOT NULL DEFAULT 1,
  `created_at` timestamp NULL DEFAULT NULL,
  `updated_at` timestamp NULL DEFAULT NULL,
  `deleted_at` timestamp NULL DEFAULT NULL
) ENGINE=InnoDB DEFAULT CHARSET=utf8mb4 COLLATE=utf8mb4_general_ci;

--
-- Volcado de datos para la tabla `specialities`
--

INSERT INTO `specialities` (`id`, `name`, `state`, `created_at`, `updated_at`, `deleted_at`) VALUES
(1, 'Medicina Manual', 1, '2023-10-04 07:18:43', '2024-04-29 15:09:52', NULL),
(2, 'Iridologia.', 1, '2023-10-04 07:22:58', '2024-04-29 15:09:13', NULL),
(3, 'Sexología', 1, '2023-10-04 07:23:05', '2024-04-29 15:08:42', NULL),
(4, 'Traumatologia', 1, '2023-10-04 07:23:09', '2024-04-29 15:07:27', NULL),
(5, 'Reumatologia', 1, '2023-10-04 07:23:14', '2024-04-29 15:07:05', NULL),
(6, 'Fisioterapeuta', 1, '2023-10-04 07:23:21', '2024-04-29 15:06:46', NULL),
(7, 'Psicologia', 1, '2023-10-04 07:23:28', '2024-05-14 14:18:42', NULL),
(8, 'Veterinaria', 1, '2023-10-04 07:23:57', '2024-05-14 14:05:24', NULL),
(9, 'Osteopatía', 1, '2024-04-16 06:02:27', '2024-05-16 14:41:05', NULL),
(10, 'hhh', 1, '2024-05-12 16:17:26', '2024-05-14 12:18:35', '2024-05-14 12:18:35'),
(11, 'JHJKHKJH', 1, '2024-05-13 13:14:09', '2024-05-13 11:14:24', '2024-05-13 11:14:24'),
(12, 'FDS', 2, '2024-05-16 14:40:40', '2024-05-16 12:40:59', '2024-05-16 12:40:59');

-- --------------------------------------------------------

--
-- Estructura de tabla para la tabla `staffs`
--

CREATE TABLE `staffs` (
  `id` bigint(20) UNSIGNED NOT NULL,
  `name` varchar(250) NOT NULL,
  `surname` varchar(250) NOT NULL,
  `DNI` varchar(25) NOT NULL,
  `movil` varchar(250) DEFAULT NULL,
  `email` varchar(250) DEFAULT NULL,
  `fecha_nac` timestamp NULL DEFAULT NULL,
  `gender` tinyint(1) UNSIGNED NOT NULL DEFAULT 1 COMMENT '1 es masculino, 2 femenino y 3 indefinido',
  `estudios` text NOT NULL,
  `designacion` text NOT NULL,
  `specialitie_id` bigint(20) NOT NULL,
  `address` varchar(250) DEFAULT NULL,
  `password` varchar(250) NOT NULL,
  `avatar` varchar(250) DEFAULT NULL,
  `created_at` timestamp NULL DEFAULT NULL,
  `updated_at` timestamp NULL DEFAULT NULL,
  `deleted_at` timestamp NULL DEFAULT NULL
) ENGINE=InnoDB DEFAULT CHARSET=utf8mb4 COLLATE=utf8mb4_general_ci;

--
-- Volcado de datos para la tabla `staffs`
--

INSERT INTO `staffs` (`id`, `name`, `surname`, `DNI`, `movil`, `email`, `fecha_nac`, `gender`, `estudios`, `designacion`, `specialitie_id`, `address`, `password`, `avatar`, `created_at`, `updated_at`, `deleted_at`) VALUES
(2, 'Silvino', 'Rodriguez Cantoso', '567876566 S', '123456', 'canta@mas.es', '2016-07-26 10:00:00', 1, '', '', 0, NULL, '', 'patients/TneaT9A1PSRdKWvQ6f9d5JYsG2IJFvYNRBLqt5Gs.jpg', '2024-04-22 08:21:15', '2024-04-26 08:06:14', NULL),
(3, 'Nube', 'nube', '1234567', '1233455', 'b', NULL, 3, '', '', 0, NULL, '', NULL, '2024-04-22 08:23:21', '2024-04-26 06:06:29', '2024-04-26 06:06:29'),
(4, 'Paciente', 'Paciente', '789675643F', '88888', 'HH@hh.com', '1970-09-14 11:00:00', 2, '', '', 0, 'b,b', '', 'patients/TpNDHLXXeX7eAdkxp4ZGDV9YSg4uKdqEyafvu1S7.jpg', '2024-04-22 09:21:19', '2024-04-26 08:11:14', NULL),
(5, 'Puy', 'Sosa Lopez', '983.434.678 M', '679828579', 'J@gmail.com', '2013-02-26 11:00:00', 2, '', '', 0, NULL, '', 'patients/fSkY00f1vNvixDwE6XfgEyFdEBYdaamKnZkA4l03.jpg', '2024-04-22 12:59:00', '2024-04-26 08:04:53', NULL),
(6, 'FFSDA', 'FFSDA', '333333', '33333', NULL, '2024-04-25 09:02:43', 2, '', '', 0, NULL, '', NULL, '2024-04-22 13:01:22', '2024-04-26 06:03:19', '2024-04-26 06:03:19'),
(7, 'Mariola', 'Garcia', '652.334.560 A', '678828577', 'triatrlon@deporte.es', '1990-12-26 11:00:00', 2, '', '', 0, 'Calle Bethancourt Alonso, 32\r\nLerin', '', 'patients/LPDSU887HheeDiEcM3ixxJhZKuHBtjnwfQDaLqUX.jpg', '2024-04-25 11:07:55', '2024-04-26 07:59:13', NULL);

-- --------------------------------------------------------

--
-- Estructura de tabla para la tabla `users`
--

CREATE TABLE `users` (
  `id` bigint(20) UNSIGNED NOT NULL,
  `name` varchar(255) NOT NULL,
  `surname` varchar(250) DEFAULT NULL,
  `movil` varchar(25) NOT NULL,
  `email` varchar(255) NOT NULL,
  `email_verified_at` timestamp NULL DEFAULT NULL,
  `password` varchar(255) NOT NULL,
  `specialitie_id` bigint(20) DEFAULT NULL,
  `fecha_nac` timestamp NULL DEFAULT NULL,
  `gender` tinyint(3) UNSIGNED NOT NULL DEFAULT 1 COMMENT '1 es masculino, 2 femenino y 3 indefinido',
  `remember_token` varchar(100) DEFAULT NULL,
  `estudios` varchar(250) DEFAULT NULL,
  `designacion` varchar(250) DEFAULT NULL,
  `address` longtext DEFAULT NULL,
  `avatar` varchar(250) DEFAULT NULL,
  `created_at` timestamp NULL DEFAULT NULL,
  `updated_at` timestamp NULL DEFAULT NULL,
  `deleted_at` timestamp NULL DEFAULT NULL
) ENGINE=InnoDB DEFAULT CHARSET=utf8mb4 COLLATE=utf8mb4_unicode_ci;

--
-- Volcado de datos para la tabla `users`
--

INSERT INTO `users` (`id`, `name`, `surname`, `movil`, `email`, `email_verified_at`, `password`, `specialitie_id`, `fecha_nac`, `gender`, `remember_token`, `estudios`, `designacion`, `address`, `avatar`, `created_at`, `updated_at`, `deleted_at`) VALUES
(1, 'Super-Admin User', '', '', 'bea@gmail.com', '2024-04-27 12:49:26', '$2y$12$74eNWFlAgxvc6pVgJhlM3uGgvEkFM4gNr1MEWa4EVDtSOnXzTp4QK', 0, NULL, 1, 'J1QNn3EMN6', '', NULL, '', '', '2024-04-27 12:49:26', '2024-04-27 12:49:26', NULL),
(2, 'Alvaro', 'Roa Soa', '12345', 'roa@gmail.com', NULL, '$2y$12$p3PWsjPkrZher1KcOC6ogOclvVOd.NOYP29WSkfx1dqQgs6R1J8FC', 9, '2016-04-26 08:00:00', 1, NULL, 'Medicia', NULL, NULL, 'staffs/RM2mUe3NjoxQAiX1bx871OXshkVp1g3Q7qpuJFLT.jpg', '2024-04-27 13:58:30', '2024-05-06 11:19:27', NULL),
(3, 'Fermina', 'Lope de Goicochea', '678908789', 'baba@gmail.com', NULL, '$2y$12$de2VxS1SmG5l.cW3qPPjP.7tIwDhIU1bgmlXJmhIJ/CtnM.OHQQIm', 6, '1978-06-05 08:00:00', 2, NULL, 'Biologia', 'Dietista', NULL, 'staffs/U2YMTqUxd9hAJRYEO2J6w2jnGgwJJwucnSEF3Ib2.jpg', '2024-04-29 07:21:39', '2024-05-07 10:06:43', NULL),
(4, 'Silvia', 'Ros', '123', 'b@gmail.com', NULL, '$2y$12$g6h09ih6Pi7U4H.s88r9CedK439clUMywJFFMZDZtKk2pTRR9c/q6', 2, '2016-01-02 10:00:00', 2, NULL, NULL, NULL, NULL, 'staffs/GaoMNoBTr5oS6Q7Ceajh8LtTnUG6CcjpxOpl3HhE.jpg', '2024-04-29 08:48:08', '2024-04-29 12:23:48', NULL),
(5, 'Ander', 'Astrain Lopez', '78987654327', 'ander@gmail.com', NULL, '$2y$12$WWPJaTj7MnD.9R6oHhxpOOJhnCgVhk.TTOQZ9/9Hsyw0clGGMutCi', 6, '1982-05-12 08:00:00', 1, NULL, 'Graduado en Fisioterapia', 'Fisoterapeura', NULL, 'staffs/vDmYAiGltcxlX43jNQ7KgPiF74ZVEUloEUfVk2lX.png', '2024-04-29 13:12:20', '2024-05-14 12:22:40', NULL),
(6, 'irene', 'Garcia Sanchez', '679828578', 'irene@gmail.com', NULL, '$2y$12$7DtXlYNjIesayrpab/ZVZ.tkKX.Wj15mg/FjZtQOieSPFwVm64HYm', 6, '2024-05-13 08:00:00', 2, NULL, 'Licenciada en Medicina', NULL, NULL, 'staffs/20N2GhCHq9uuAzuacFUArB1VP657Zwg3vDy4ZTBz.jpg', '2024-05-07 13:47:49', '2024-05-14 12:21:35', NULL),
(7, 'Noa', 'Peña Lopez', '12341234', 'noa@gmail.com', NULL, '$2y$12$jwiQmnU9UFdBGaaepg7Hp.EOws1HtuZY9A9RjI85jCLb3mUzMup9q', NULL, '2019-12-27 11:00:00', 2, NULL, 'Infantil', 'Niña', 'Doctora en practicas', 'staffs/B3urJsxhfKJRPGAJ0bWGVNlRPiY1bI1q25Vv9DY2.png', '2024-05-11 03:24:20', '2024-05-11 03:24:20', NULL),
(8, 'Juana', 'ad', '1', 'sara@gmail.com', NULL, '$2y$12$MCQqXRPZAt0JpQnOAet2Qe4N.iNwHzg8KvB2JwJmqaZDB6QxHFB9e', 6, '2024-04-30 08:00:00', 2, NULL, NULL, NULL, NULL, 'staffs/fF4mu50TC1bbxRgACE4pqfBwUQHis7709B5Lk1CU.png', '2024-05-11 03:51:47', '2024-05-11 03:56:38', NULL),
(9, 'lolo', 'fas', '435', 'lolo@gmail.com', NULL, '$2y$12$ws1DSrLwRn3.GNmc5fDJm.TM.bn8M96875BehKf3iDet0A1cWPtfu', NULL, '1971-08-12 11:00:00', 3, NULL, NULL, NULL, NULL, 'staffs/G5GvfbOAVnCa2mJ7yPCcIOHzhul4OiRYpmyU4Ihy.png', '2024-05-11 04:02:09', '2024-05-11 04:02:09', NULL),
(10, 'Lara', 'Romero López', '23', 'b@f.com', NULL, '$2y$12$G2LMUyW/IOJ/x4meu37WYeD6MS6FJfutNPlP2kHdsFqRMCUUc8Myi', 6, '1970-10-11 10:00:00', 2, NULL, NULL, NULL, NULL, 'staffs/KWKzizbMT2obGbTmAsTo8ehz3PmqO7nVSLfCuONC.png', '2024-05-11 04:02:47', '2024-05-16 12:42:17', NULL),
(11, 'sfvds', 'vfds', '6', 'bgggea@gmail.com', NULL, '$2y$12$prYtmVqmtYm7jo5iW5FuSed/t/w9SHZTZdQDQTEL2gWkxY3XsGdNi', 9, '1970-05-12 10:00:00', 2, NULL, NULL, NULL, NULL, 'staffs/ypra8VITyJ9jjvOAWvT9qLa53wYn3YWP1aADnUIW.png', '2024-05-11 04:06:14', '2024-05-14 12:04:57', '2024-05-14 12:04:57'),
(12, 'rr', 'rr', 'rr', 'rrrr@gmail.com', NULL, '$2y$12$qRds.hdcG/pm3MTRysb8s.WhfNNIrawYuIiLj73Pd25gRtgdyhVDW', NULL, '2024-05-12 02:04:51', 1, NULL, NULL, NULL, NULL, 'staffs/PTNgjuZgOAlLm3D2S6RxcDGEfPYj1GDgKMzdjYcz.png', '2024-05-12 14:04:51', '2024-05-12 14:54:53', '2024-05-12 14:54:53'),
(13, 'dad12', '123rrr', '2222', 'bearrrrr@gmail.com', NULL, '$2y$12$McYMo5Zv/4CZOOs9dDbZoOwXEX7nzYqiPOR4itedS6SDyY07vnBii', NULL, '2024-05-12 02:14:36', 1, NULL, NULL, NULL, NULL, 'staffs/BwQVivLQpdBfT69q54kTD8LJkhMmOPRNlOOixL4d.png', '2024-05-12 14:14:36', '2024-05-12 14:54:49', '2024-05-12 14:54:49'),
(14, '12qw', '12q', '1', '12g@gmail.com', NULL, '$2y$12$hc3xmWlQ0B6cePUj4NIhZu7/ysiMxounpWoRxYaeqZ2.DUkXrnpHO', NULL, '2024-05-12 02:26:55', 1, NULL, NULL, NULL, NULL, 'staffs/I2Qyf92MCCB77HQmsYXfwaNbZqPFMtjtrndpnx7o.png', '2024-05-12 14:26:55', '2024-05-12 14:54:45', '2024-05-12 14:54:45'),
(15, '12qw', '12q', '1', '12g44444@gmail.com', NULL, '$2y$12$AQrZBvv24a./n7EOfPsIO.bxapDkpgGaZGoLsS4NdQNfS4GUfhkIu', NULL, '2024-05-12 02:27:44', 1, NULL, NULL, NULL, NULL, 'staffs/NPAitF9saW0TW9euQrlw8zMI0tWfKp4L5dlJNZ02.png', '2024-05-12 14:27:44', '2024-05-13 11:07:42', '2024-05-13 11:07:42'),
(16, 'asfdsaf', 'fadsfdasd', '432412', 'asfddsadf@gmail.com', NULL, '$2y$12$uKT9zKSURwpZ/5LB6KwYIuOnQkBqpnpOg/epCtGtI8XdOcDs6n8Aq', NULL, '2024-05-12 02:32:02', 1, NULL, NULL, NULL, NULL, 'staffs/datLz6mjLywwfKJ1s9dVHe0HEvhVUCgCs4l1Lnjn.png', '2024-05-12 14:32:02', '2024-05-12 14:32:13', '2024-05-12 14:32:13'),
(17, 'usuario', 'prueba', '1', 'usuario @gmail.com', NULL, '$2y$12$3OJIJwZyOyxydAKpgR8QQubK9qH8L0HaXh.vW7JZRiwa25uN2T2WK', NULL, '2024-05-12 03:38:43', 3, NULL, NULL, NULL, NULL, 'staffs/vtKslJHBUnv2EEVNLiw2nxWh7lMxUO7iamsieV50.png', '2024-05-12 15:38:43', '2024-05-12 15:38:43', NULL),
(18, 'prueba', 'prueba', '1', '1@gmail.com', NULL, '$2y$12$19FOuW/gJcDDPMmCbrbcqe./LHmSmNOmn74h/bty4gFCemaShWm2u', NULL, '2024-05-12 03:52:50', 1, NULL, NULL, NULL, NULL, 'staffs/0dY7Iv0sd9om8wj7lP2JEzhJwfzVNFzYYxO1SIDb.png', '2024-05-12 15:52:50', '2024-05-12 15:52:50', NULL),
(19, 'Damian', 'Romero', '1', 'damian@gmail.com', NULL, '$2y$12$AF7gvjf0j.7eHABam1S5C.CpZF.ZpO14j0cnsfOVDa42K7hHvtoJ6', NULL, '2010-01-31 10:00:00', 1, NULL, 'Licenciado en FISIOTERAPIA', NULL, 'D<AF', 'staffs/dQWOdIUzKMJFEguKQify2pd9wswL5duf7wr7amT6.png', '2024-05-13 11:06:36', '2024-05-13 11:07:21', NULL),
(20, 'dsaDfffcf', 'DAd', '1', '1234@gmail.com', NULL, '$2y$12$OH5t3aZszOdC.yxyg4eeFuqcmI1RV5kdgo0pCxT50JSiKbI9At7Hm', NULL, '2024-04-30 08:00:00', 2, NULL, 'cz', NULL, NULL, 'staffs/UuQQv4BDbFCOr6b9Rs83qytbo4PAJF7nYaoGZH7r.png', '2024-05-13 11:13:32', '2024-05-13 11:13:53', '2024-05-13 11:13:53'),
(21, 'damian', 'DSA', '1', '123@gmail.com', NULL, '$2y$12$7aPfgCNDB9CPI8X6j39EJ.ffV.qtzohBzNO15MyceCidSLEcBz4L2', NULL, '2024-04-30 08:00:00', 2, NULL, NULL, NULL, NULL, 'staffs/2Xmm4qLLuKy4R1bIl7ELxvv4v7tyE9Pu8UHsTbtX.png', '2024-05-13 11:27:25', '2024-05-13 11:27:51', '2024-05-13 11:27:51'),
(22, 'fadsf', 'fsda', '1', 'g@gmail.com', NULL, '$2y$12$MNxh/5GlQxnar.ADXNpJpeWdTht8WdX5V0eQC.A871vBNEyxU3VGS', NULL, '2024-05-15 10:00:00', 2, NULL, NULL, NULL, NULL, 'staffs/qug7k14pcbcyVdCc3769Q4zxdjKLqNrAM7qYmks1.png', '2024-05-14 11:58:35', '2024-05-14 11:58:47', '2024-05-14 11:58:47'),
(23, 'SAD', 'ddsaGDFG', '1', 'SAD@GMAIL.COM', NULL, '$2y$12$s7ur12boyJ.zC62RiU5MaupqWWkfzroFDmLa0KNr4nrfTdUI6wmzy', NULL, '2024-05-01 08:00:00', 2, NULL, '1', NULL, NULL, 'staffs/SsNRIHJPeBqTCSlX5GQHVuLdcL99mkpA70Ophwlx.jpg', '2024-05-16 12:40:13', '2024-05-16 12:40:32', '2024-05-16 12:40:32');

--
-- Índices para tablas volcadas
--

--
-- Indices de la tabla `appointments`
--
ALTER TABLE `appointments`
  ADD PRIMARY KEY (`id`);

--
-- Indices de la tabla `doctor_schedule_days`
--
ALTER TABLE `doctor_schedule_days`
  ADD PRIMARY KEY (`id`);

--
-- Indices de la tabla `doctor_schedule_hours`
--
ALTER TABLE `doctor_schedule_hours`
  ADD PRIMARY KEY (`id`);

--
-- Indices de la tabla `doctor_schedule_joins`
--
ALTER TABLE `doctor_schedule_joins`
  ADD PRIMARY KEY (`id`),
  ADD KEY `doctor_schedule_day_join` (`doctor_schedule_day_id`);

--
-- Indices de la tabla `failed_jobs`
--
ALTER TABLE `failed_jobs`
  ADD PRIMARY KEY (`id`),
  ADD UNIQUE KEY `failed_jobs_uuid_unique` (`uuid`);

--
-- Indices de la tabla `migrations`
--
ALTER TABLE `migrations`
  ADD PRIMARY KEY (`id`);

--
-- Indices de la tabla `model_has_permissions`
--
ALTER TABLE `model_has_permissions`
  ADD PRIMARY KEY (`permission_id`,`model_id`,`model_type`),
  ADD KEY `model_has_permissions_model_id_model_type_index` (`model_id`,`model_type`);

--
-- Indices de la tabla `model_has_roles`
--
ALTER TABLE `model_has_roles`
  ADD PRIMARY KEY (`role_id`,`model_id`,`model_type`),
  ADD KEY `model_has_roles_model_id_model_type_index` (`model_id`,`model_type`);

--
-- Indices de la tabla `password_reset_tokens`
--
ALTER TABLE `password_reset_tokens`
  ADD PRIMARY KEY (`email`);

--
-- Indices de la tabla `patients`
--
ALTER TABLE `patients`
  ADD PRIMARY KEY (`id`);

--
-- Indices de la tabla `permissions`
--
ALTER TABLE `permissions`
  ADD PRIMARY KEY (`id`),
  ADD UNIQUE KEY `permissions_name_guard_name_unique` (`name`,`guard_name`);

--
-- Indices de la tabla `personal_access_tokens`
--
ALTER TABLE `personal_access_tokens`
  ADD PRIMARY KEY (`id`),
  ADD UNIQUE KEY `personal_access_tokens_token_unique` (`token`),
  ADD KEY `personal_access_tokens_tokenable_type_tokenable_id_index` (`tokenable_type`,`tokenable_id`);

--
-- Indices de la tabla `roles`
--
ALTER TABLE `roles`
  ADD PRIMARY KEY (`id`),
  ADD UNIQUE KEY `roles_name_guard_name_unique` (`name`,`guard_name`);

--
-- Indices de la tabla `role_has_permissions`
--
ALTER TABLE `role_has_permissions`
  ADD PRIMARY KEY (`permission_id`,`role_id`),
  ADD KEY `role_has_permissions_role_id_foreign` (`role_id`);

--
-- Indices de la tabla `specialities`
--
ALTER TABLE `specialities`
  ADD PRIMARY KEY (`id`);

--
-- Indices de la tabla `staffs`
--
ALTER TABLE `staffs`
  ADD PRIMARY KEY (`id`);

--
-- Indices de la tabla `users`
--
ALTER TABLE `users`
  ADD PRIMARY KEY (`id`),
  ADD UNIQUE KEY `users_email_unique` (`email`);

--
-- AUTO_INCREMENT de las tablas volcadas
--

--
-- AUTO_INCREMENT de la tabla `appointments`
--
ALTER TABLE `appointments`
  MODIFY `id` bigint(20) UNSIGNED NOT NULL AUTO_INCREMENT, AUTO_INCREMENT=56;

--
-- AUTO_INCREMENT de la tabla `doctor_schedule_days`
--
ALTER TABLE `doctor_schedule_days`
  MODIFY `id` bigint(20) UNSIGNED NOT NULL AUTO_INCREMENT, AUTO_INCREMENT=117;

--
-- AUTO_INCREMENT de la tabla `doctor_schedule_hours`
--
ALTER TABLE `doctor_schedule_hours`
  MODIFY `id` bigint(20) UNSIGNED NOT NULL AUTO_INCREMENT, AUTO_INCREMENT=41;

--
-- AUTO_INCREMENT de la tabla `doctor_schedule_joins`
--
ALTER TABLE `doctor_schedule_joins`
  MODIFY `id` bigint(20) UNSIGNED NOT NULL AUTO_INCREMENT, AUTO_INCREMENT=1793;

--
-- AUTO_INCREMENT de la tabla `failed_jobs`
--
ALTER TABLE `failed_jobs`
  MODIFY `id` bigint(20) UNSIGNED NOT NULL AUTO_INCREMENT;

--
-- AUTO_INCREMENT de la tabla `migrations`
--
ALTER TABLE `migrations`
  MODIFY `id` int(10) UNSIGNED NOT NULL AUTO_INCREMENT, AUTO_INCREMENT=6;

--
-- AUTO_INCREMENT de la tabla `patients`
--
ALTER TABLE `patients`
  MODIFY `id` bigint(20) UNSIGNED NOT NULL AUTO_INCREMENT, AUTO_INCREMENT=9;

--
-- AUTO_INCREMENT de la tabla `permissions`
--
ALTER TABLE `permissions`
  MODIFY `id` bigint(20) UNSIGNED NOT NULL AUTO_INCREMENT, AUTO_INCREMENT=34;

--
-- AUTO_INCREMENT de la tabla `personal_access_tokens`
--
ALTER TABLE `personal_access_tokens`
  MODIFY `id` bigint(20) UNSIGNED NOT NULL AUTO_INCREMENT;

--
-- AUTO_INCREMENT de la tabla `roles`
--
ALTER TABLE `roles`
  MODIFY `id` bigint(20) UNSIGNED NOT NULL AUTO_INCREMENT, AUTO_INCREMENT=13;

--
-- AUTO_INCREMENT de la tabla `specialities`
--
ALTER TABLE `specialities`
  MODIFY `id` bigint(20) UNSIGNED NOT NULL AUTO_INCREMENT, AUTO_INCREMENT=13;

--
-- AUTO_INCREMENT de la tabla `staffs`
--
ALTER TABLE `staffs`
  MODIFY `id` bigint(20) UNSIGNED NOT NULL AUTO_INCREMENT, AUTO_INCREMENT=8;

--
-- AUTO_INCREMENT de la tabla `users`
--
ALTER TABLE `users`
  MODIFY `id` bigint(20) UNSIGNED NOT NULL AUTO_INCREMENT, AUTO_INCREMENT=24;

--
-- Restricciones para tablas volcadas
--

--
-- Filtros para la tabla `model_has_permissions`
--
ALTER TABLE `model_has_permissions`
  ADD CONSTRAINT `model_has_permissions_permission_id_foreign` FOREIGN KEY (`permission_id`) REFERENCES `permissions` (`id`) ON DELETE CASCADE;

--
-- Filtros para la tabla `model_has_roles`
--
ALTER TABLE `model_has_roles`
  ADD CONSTRAINT `model_has_roles_role_id_foreign` FOREIGN KEY (`role_id`) REFERENCES `roles` (`id`) ON DELETE CASCADE;

--
-- Filtros para la tabla `role_has_permissions`
--
ALTER TABLE `role_has_permissions`
  ADD CONSTRAINT `role_has_permissions_permission_id_foreign` FOREIGN KEY (`permission_id`) REFERENCES `permissions` (`id`) ON DELETE CASCADE,
  ADD CONSTRAINT `role_has_permissions_role_id_foreign` FOREIGN KEY (`role_id`) REFERENCES `roles` (`id`) ON DELETE CASCADE;
COMMIT;

/*!40101 SET CHARACTER_SET_CLIENT=@OLD_CHARACTER_SET_CLIENT */;
/*!40101 SET CHARACTER_SET_RESULTS=@OLD_CHARACTER_SET_RESULTS */;
/*!40101 SET COLLATION_CONNECTION=@OLD_COLLATION_CONNECTION */;
